Original_Index,Current_Index,reference_lineage_1,reference_lineage_2,reference_lineage_3,reference_lineage_4,reference_lineage_5,reference_lineage_6,reference_lineage_7,reference_lineage_8,reference_lineage_9
1,1,2.0,0.0,2.0,2.0,2.0,2.0,2.0,2.0,2.0
2,2,2.0,0.0,2.0,2.0,0.0,2.0,2.0,2.0,2.0
3,3,2.0,2.0,2.0,2.0,0.0,2.0,2.0,2.0,2.0
46,4,2.0,2.0,2.0,0.0,2.0,2.0,2.0,2.0,2.0
48,5,2.0,2.0,2.0,0.0,2.0,2.0,2.0,2.0,2.0
167,6,2.0,2.0,0.0,2.0,2.0,2.0,2.0,2.0,2.0
168,7,2.0,2.0,0.0,2.0,2.0,2.0,2.0,2.0,2.0
214,8,2.0,2.0,2.0,0.0,2.0,2.0,2.0,2.0,2.0
215,9,2.0,2.0,2.0,0.0,2.0,2.0,2.0,2.0,2.0
315,10,2.0,2.0,2.0,2.0,2.0,0.0,2.0,2.0,2.0
712,11,2.0,2.0,0.0,2.0,2.0,2.0,2.0,2.0,2.0
713,12,2.0,2.0,0.0,2.0,2.0,2.0,2.0,2.0,2.0
714,13,2.0,2.0,0.0,2.0,2.0,2.0,2.0,2.0,2.0
754,14,2.0,2.0,2.0,0.0,2.0,2.0,2.0,2.0,2.0
755,15,2.0,2.0,2.0,0.0,2.0,2.0,2.0,2.0,2.0
756,16,2.0,2.0,2.0,0.0,2.0,2.0,2.0,2.0,2.0
796,17,2.0,2.0,2.0,2.0,2.0,2.0,2.0,2.0,0.0
797,18,2.0,2.0,2.0,2.0,2.0,2.0,2.0,2.0,0.0
798,19,2.0,2.0,2.0,2.0,2.0,2.0,2.0,2.0,0.0
811,20,2.0,2.0,2.0,2.0,2.0,2.0,2.0,2.0,0.0
812,21,2.0,2.0,2.0,2.0,2.0,2.0,2.0,2.0,0.0
827,22,2.0,2.0,2.0,2.0,2.0,2.0,2.0,2.0,0.0
828,23,2.0,2.0,2.0,2.0,2.0,2.0,2.0,2.0,0.0
829,24,2.0,2.0,0.0,2.0,2.0,2.0,2.0,2.0,2.0
830,25,2.0,2.0,0.0,2.0,2.0,2.0,2.0,2.0,2.0
852,26,2.0,2.0,2.0,2.0,2.0,2.0,2.0,2.0,0.0
928,27,2.0,0.0,0.0,0.0,0.0,0.0,0.0,0.0,0.0
1018,28,2.0,2.0,0.0,2.0,2.0,2.0,2.0,2.0,2.0
1019,29,2.0,2.0,0.0,2.0,2.0,2.0,2.0,2.0,2.0
1020,30,2.0,2.0,0.0,2.0,2.0,2.0,2.0,2.0,2.0
1021,31,2.0,2.0,2.0,2.0,0.0,2.0,2.0,2.0,2.0
1022,32,2.0,0.0,2.0,2.0,0.0,2.0,2.0,2.0,2.0
1023,33,2.0,0.0,2.0,2.0,2.0,2.0,2.0,2.0,2.0
1026,34,2.0,2.0,2.0,2.0,2.0,2.0,2.0,2.0,0.0
1123,35,2.0,2.0,2.0,2.0,2.0,2.0,2.0,0.0,2.0
1124,36,2.0,2.0,2.0,2.0,2.0,2.0,2.0,0.0,2.0
1203,37,2.0,2.0,2.0,2.0,2.0,2.0,2.0,2.0,0.0
1231,38,2.0,2.0,2.0,0.0,2.0,2.0,2.0,2.0,2.0
1232,39,2.0,2.0,2.0,0.0,2.0,2.0,2.0,2.0,2.0
1233,40,2.0,2.0,2.0,0.0,2.0,2.0,2.0,2.0,2.0
1264,41,2.0,2.0,2.0,2.0,2.0,2.0,2.0,2.0,0.06268786490262312
1265,42,2.0,2.0,2.0,2.0,2.0,2.0,2.0,2.0,1.0110064526613105
1266,43,2.0,2.0,2.0,2.0,2.0,2.0,2.0,2.0,0.10141913045450485
1444,44,2.0,0.0,2.0,2.0,2.0,2.0,2.0,2.0,2.0
1445,45,2.0,0.0,2.0,2.0,0.0,2.0,2.0,2.0,2.0
1468,46,2.0,2.0,2.0,0.0,2.0,2.0,2.0,2.0,2.0
1469,47,2.0,2.0,2.0,0.0,2.0,2.0,2.0,2.0,2.0
1470,48,2.0,2.0,2.0,0.0,2.0,2.0,2.0,2.0,2.0
1489,49,2.0,0.0,2.0,2.0,2.0,2.0,2.0,2.0,2.0
1490,50,2.0,0.0,2.0,2.0,0.0,2.0,2.0,2.0,2.0
1491,51,2.0,0.0,2.0,2.0,0.0,2.0,2.0,2.0,2.0
1721,52,2.0,2.0,2.0,2.0,2.0,2.0,2.0,0.0,2.0
1722,53,2.0,2.0,2.0,2.0,2.0,2.0,2.0,0.0,2.0
1775,54,2.0,2.0,0.15967677689519558,2.0,2.0,2.0,2.0,2.0,2.0
1776,55,2.0,2.0,0.994228635454294,2.0,2.0,2.0,2.0,2.0,2.0
1924,56,2.0,2.0,2.0,2.0,2.0,2.0,2.0,0.0,2.0
1925,57,2.0,2.0,2.0,2.0,2.0,2.0,2.0,0.0,2.0
1926,58,2.0,2.0,2.0,2.0,2.0,2.0,2.0,0.0,2.0
1945,59,2.0,2.0,2.0,0.09724645508280723,2.0,2.0,2.0,2.0,2.0
1946,60,2.0,2.0,2.0,0.03270931475968761,2.0,2.0,2.0,2.0,2.0
1947,61,2.0,2.0,2.0,0.01418737173736556,2.0,2.0,2.0,2.0,2.0
1987,62,1.1,1.1,1.1,1.1,1.1,1.1,1.1,1.1,1.1
1988,63,0.0,0.0,0.0,0.0,0.0,0.0,0.0,0.0,0.0
1989,64,0.0,0.0,0.0,0.0,0.0,0.0,0.0,0.0,0.0
2071,65,2.0,2.0,0.0,2.0,2.0,2.0,2.0,2.0,2.0
2072,66,2.0,2.0,0.0,2.0,2.0,2.0,2.0,2.0,2.0
2092,67,2.0,2.0,2.0,2.0,2.0,0.0,2.0,2.0,2.0
2093,68,2.0,2.0,2.0,2.0,2.0,0.0,2.0,2.0,2.0
2094,69,2.0,2.0,2.0,2.0,2.0,0.0,2.0,2.0,2.0
2284,70,2.0,2.0,0.0,2.0,2.0,2.0,2.0,2.0,2.0
2326,71,2.0,2.0,0.0,2.0,2.0,2.0,2.0,2.0,2.0
2327,72,2.0,2.0,0.0,2.0,2.0,2.0,2.0,2.0,2.0
2359,73,2.0,2.0,2.0,0.0,2.0,2.0,2.0,2.0,2.0
2360,74,2.0,2.0,2.0,0.0,2.0,2.0,2.0,2.0,2.0
2361,75,2.0,2.0,2.0,0.0,2.0,2.0,2.0,2.0,2.0
2496,76,2.0,2.0,0.4901413935411231,2.0,2.0,2.0,2.0,2.0,2.0
2545,77,2.0,2.0,2.0,0.0,2.0,2.0,2.0,2.0,2.0
2547,78,2.0,2.0,2.0,0.0,2.0,2.0,2.0,2.0,2.0
2662,79,2.0,2.0,1.900014795463048,2.0,2.0,2.0,2.0,2.0,2.0
2664,80,2.0,2.0,0.3959440315540062,2.0,2.0,2.0,2.0,2.0,2.0
2665,81,2.0,0.0,2.0,2.0,0.0,2.0,2.0,2.0,2.0
2666,82,2.0,0.0,2.0,2.0,0.0,2.0,2.0,2.0,2.0
2667,83,2.0,0.0,2.0,2.0,0.0,2.0,2.0,2.0,2.0
2738,84,2.0,0.0,2.0,2.0,2.0,2.0,2.0,2.0,2.0
2739,85,2.0,0.0,2.0,2.0,0.0,2.0,2.0,2.0,2.0
2740,86,2.0,2.0,2.0,0.0,2.0,2.0,2.0,2.0,2.0
2741,87,2.0,2.0,2.0,0.0,2.0,2.0,2.0,2.0,2.0
2742,88,2.0,2.0,2.0,0.0,2.0,2.0,2.0,2.0,2.0
2778,89,2.0,2.0,2.0,0.0,2.0,2.0,2.0,2.0,2.0
2806,90,2.0,2.0,2.0,2.0,2.0,2.0,2.0,2.0,0.0
2808,91,2.0,2.0,2.0,2.0,2.0,2.0,2.0,2.0,0.0
2864,92,2.0,2.0,0.0,2.0,2.0,2.0,2.0,2.0,2.0
2951,93,2.0,2.0,2.0,2.0,2.0,0.0,2.0,2.0,2.0
2954,94,2.0,2.0,0.0,2.0,2.0,2.0,2.0,2.0,2.0
2972,95,1.1471799741019244,2.0,2.0,2.0,2.0,2.0,2.0,2.0,2.0
2973,96,1.4228124664716666,2.0,2.0,2.0,2.0,2.0,2.0,2.0,2.0
3070,97,2.0,0.0,2.0,2.0,0.0,2.0,2.0,2.0,2.0
3071,98,2.0,0.0,2.0,2.0,2.0,2.0,2.0,2.0,2.0
3072,99,2.0,2.0,2.0,2.0,0.0,2.0,2.0,2.0,2.0
3135,100,2.0,0.0,0.0,0.0,0.0,0.0,0.0,0.0,0.0
3253,101,2.0,2.0,2.0,2.0,2.0,2.0,2.0,0.0,2.0
3254,102,2.0,2.0,2.0,2.0,2.0,2.0,2.0,0.0,2.0
3255,103,2.0,2.0,2.0,2.0,2.0,2.0,2.0,0.0,2.0
3301,104,2.0,0.863613611452061,2.0,2.0,2.0,2.0,2.0,2.0,2.0
3303,105,2.0,0.940931296269166,2.0,2.0,2.0,2.0,2.0,2.0,2.0
3334,106,2.0,2.0,2.0,1.3779039657696468,2.0,2.0,2.0,2.0,2.0
3336,107,2.0,2.0,2.0,0.5512140833897552,2.0,2.0,2.0,2.0,2.0
3382,108,2.0,2.0,2.0,2.0,2.0,2.0,0.0,2.0,2.0
3384,109,2.0,2.0,2.0,2.0,2.0,2.0,0.0,2.0,2.0
3481,110,2.0,2.0,2.0,2.0,2.0,2.0,0.0,2.0,2.0
3482,111,2.0,2.0,2.0,2.0,2.0,2.0,0.0,2.0,2.0
3483,112,2.0,2.0,2.0,2.0,2.0,2.0,0.0,2.0,2.0
3491,113,2.0,2.0,2.0,2.0,2.0,2.0,2.0,2.0,0.0
3492,114,2.0,2.0,2.0,2.0,2.0,2.0,2.0,2.0,0.0
3565,115,2.0,2.0,2.0,2.0,2.0,2.0,0.0,2.0,2.0
3566,116,2.0,2.0,2.0,2.0,2.0,2.0,0.0,2.0,2.0
3567,117,2.0,2.0,2.0,2.0,2.0,2.0,0.0,2.0,2.0
3577,118,2.0,0.0,0.0,0.0,0.0,0.0,0.0,0.0,0.0
3579,119,2.0,0.0,0.0,0.0,0.0,0.0,0.0,0.0,0.0
3653,120,2.0,2.0,2.0,2.0,2.0,0.0,2.0,2.0,2.0
3654,121,2.0,2.0,2.0,2.0,2.0,0.0,2.0,2.0,2.0
3667,122,1.1141050336422977,2.0,2.0,2.0,2.0,2.0,2.0,2.0,2.0
3668,123,1.4228124664716666,2.0,2.0,2.0,2.0,2.0,2.0,2.0,2.0
3669,124,0.2048183277459069,2.0,2.0,2.0,2.0,2.0,2.0,2.0,2.0
3696,125,2.0,2.0,2.0,2.0,2.0,0.0,2.0,2.0,2.0
3709,126,2.0,0.0,2.0,2.0,0.0,2.0,2.0,2.0,2.0
3710,127,2.0,0.0,2.0,2.0,0.0,2.0,2.0,2.0,2.0
3711,128,2.0,0.0,2.0,2.0,0.0,2.0,2.0,2.0,2.0
3727,129,2.0,2.0,2.0,2.0,2.0,0.0,2.0,2.0,2.0
3766,130,2.0,0.0,2.0,2.0,0.0,2.0,2.0,2.0,2.0
3767,131,2.0,0.0,2.0,2.0,0.0,2.0,2.0,2.0,2.0
3787,132,2.0,2.0,2.0,2.0,2.0,2.0,2.0,0.0,2.0
3788,133,2.0,2.0,2.0,2.0,2.0,2.0,2.0,0.0,2.0
3789,134,2.0,2.0,2.0,2.0,2.0,2.0,2.0,0.0,2.0
3843,135,1.08,1.08,1.08,1.08,1.08,1.08,1.08,1.08,1.08
3882,136,2.0,2.0,2.0,2.0,2.0,1.5722017759947922,2.0,2.0,2.0
3895,137,2.0,2.0,2.0,2.0,2.0,2.0,0.0,2.0,2.0
3896,138,2.0,2.0,2.0,2.0,2.0,2.0,0.0,2.0,2.0
3897,139,2.0,2.0,2.0,2.0,2.0,2.0,0.0,2.0,2.0
3958,140,2.0,2.0,2.0,2.0,0.994228635454294,2.0,2.0,2.0,2.0
3959,141,2.0,2.0,2.0,2.0,0.1364452834585904,2.0,2.0,2.0,2.0
3960,142,2.0,2.0,2.0,2.0,0.23657359370454611,2.0,2.0,2.0,2.0
3973,143,2.0,2.0,0.0,2.0,2.0,2.0,2.0,2.0,2.0
3974,144,2.0,2.0,0.0,2.0,2.0,2.0,2.0,2.0,2.0
3975,145,2.0,2.0,0.0,2.0,2.0,2.0,2.0,2.0,2.0
4075,146,2.0,2.0,2.0,2.0,2.0,2.0,2.0,0.0,2.0
4076,147,2.0,2.0,2.0,2.0,2.0,2.0,2.0,0.0,2.0
4131,148,2.0,2.0,2.0,2.0,2.0,2.0,2.0,0.0,2.0
4150,149,2.0,2.0,0.0,2.0,2.0,2.0,2.0,2.0,2.0
4152,150,2.0,2.0,0.0,2.0,2.0,2.0,2.0,2.0,2.0
4174,151,2.0,2.0,0.0,2.0,2.0,2.0,2.0,2.0,2.0
4175,152,2.0,2.0,0.0,2.0,2.0,2.0,2.0,2.0,2.0
4176,153,2.0,2.0,0.0,2.0,2.0,2.0,2.0,2.0,2.0
4222,154,2.0,2.0,2.0,2.0,0.0,2.0,2.0,2.0,2.0
4224,155,2.0,0.0,2.0,2.0,0.0,2.0,2.0,2.0,2.0
4336,156,2.0,0.0,2.0,2.0,0.0,2.0,2.0,2.0,2.0
4338,157,2.0,0.0,2.0,2.0,0.0,2.0,2.0,2.0,2.0
4357,158,2.0,0.0,0.0,0.0,0.0,0.0,0.0,0.0,0.0
4359,159,2.0,0.0,0.0,0.0,0.0,0.0,0.0,0.0,0.0
4386,160,2.0,2.0,2.0,2.0,2.0,2.0,0.6766827588764849,2.0,2.0
4389,161,2.0,0.6130038157606577,2.0,2.0,2.0,2.0,2.0,2.0,2.0
4404,162,2.0,2.0,2.0,2.0,2.0,2.0,2.0,0.0,2.0
4474,163,2.0,2.0,0.0,2.0,2.0,2.0,2.0,2.0,2.0
4520,164,2.0,2.0,2.0,0.0,2.0,2.0,2.0,2.0,2.0
4572,165,2.0,2.0,0.1477331376447095,2.0,2.0,2.0,2.0,2.0,2.0
4780,166,2.0,0.0,0.0,0.0,0.0,0.0,0.0,0.0,0.0
4781,167,2.0,0.0,0.0,0.0,0.0,0.0,0.0,0.0,0.0
4782,168,2.0,0.0,0.0,0.0,0.0,0.0,0.0,0.0,0.0
4795,169,2.0,2.0,2.0,2.0,2.0,2.0,2.0,0.0,2.0
4796,170,2.0,2.0,2.0,2.0,2.0,2.0,2.0,0.0,2.0
4797,171,2.0,2.0,2.0,2.0,2.0,2.0,2.0,0.0,2.0
4804,172,2.0,2.0,2.0,0.0,2.0,2.0,2.0,2.0,2.0
4805,173,2.0,2.0,2.0,0.0,2.0,2.0,2.0,2.0,2.0
4806,174,2.0,2.0,2.0,0.0,2.0,2.0,2.0,2.0,2.0
4843,175,2.0,0.0,2.0,2.0,0.0,2.0,2.0,2.0,2.0
4844,176,2.0,0.0,2.0,2.0,0.0,2.0,2.0,2.0,2.0
4845,177,2.0,0.0,2.0,2.0,0.0,2.0,2.0,2.0,2.0
4847,178,2.0,2.0,2.0,2.0,2.0,0.0,2.0,2.0,2.0
4848,179,2.0,2.0,2.0,2.0,2.0,0.0,2.0,2.0,2.0
4917,180,2.0,2.0,2.0,2.0,2.0,2.0,2.0,0.0,2.0
5020,181,2.0,2.0,2.0,2.0,2.0,2.0,0.0,2.0,2.0
5021,182,2.0,2.0,2.0,2.0,2.0,2.0,0.0,2.0,2.0
5022,183,2.0,2.0,2.0,2.0,2.0,2.0,0.0,2.0,2.0
5095,184,2.0,2.0,2.0,2.0,2.0,2.0,0.0,2.0,2.0
5096,185,2.0,2.0,2.0,2.0,2.0,2.0,0.0,2.0,2.0
5173,186,2.0,0.0,2.0,2.0,0.0,2.0,2.0,2.0,2.0
5174,187,2.0,0.0,2.0,2.0,0.0,2.0,2.0,2.0,2.0
5306,188,2.0,2.0,2.0,2.0,2.0,2.0,0.0,2.0,2.0
5320,189,2.0,2.0,0.0,2.0,2.0,2.0,2.0,2.0,2.0
5322,190,2.0,2.0,0.0,2.0,2.0,2.0,2.0,2.0,2.0
5524,191,2.0,0.0,2.0,2.0,0.0,2.0,2.0,2.0,2.0
5525,192,2.0,0.0,2.0,2.0,0.0,2.0,2.0,2.0,2.0
5526,193,2.0,0.0,2.0,2.0,0.0,2.0,2.0,2.0,2.0
5607,194,2.0,1.3356943623466118,2.0,2.0,2.0,2.0,2.0,2.0,2.0
5676,195,2.0,2.0,2.0,2.0,2.0,2.0,2.0,0.0,2.0
5770,196,2.0,0.0,2.0,2.0,2.0,2.0,2.0,2.0,2.0
5771,197,2.0,0.0,2.0,2.0,0.0,2.0,2.0,2.0,2.0
5772,198,2.0,0.0,2.0,2.0,0.0,2.0,2.0,2.0,2.0
5900,199,2.0,2.0,2.0,0.0,2.0,2.0,2.0,2.0,2.0
5901,200,2.0,2.0,2.0,0.0,2.0,2.0,2.0,2.0,2.0
5959,201,2.0,2.0,2.0,2.0,0.5101471647060669,2.0,2.0,2.0,2.0
5960,202,2.0,2.0,2.0,2.0,0.26623461380344315,2.0,2.0,2.0,2.0
5961,203,2.0,2.0,2.0,2.0,0.02524062224524439,2.0,2.0,2.0,2.0
6061,204,2.0,2.0,2.0,2.0,2.0,2.0,0.0,2.0,2.0
6062,205,2.0,2.0,2.0,2.0,2.0,2.0,0.0,2.0,2.0
6063,206,2.0,2.0,2.0,2.0,2.0,2.0,0.0,2.0,2.0
6154,207,2.0,2.0,2.0,2.0,2.0,0.0,2.0,2.0,2.0
6156,208,2.0,2.0,2.0,2.0,2.0,0.0,2.0,2.0,2.0
6157,209,2.0,2.0,2.0,2.0,2.0,0.4805541427223031,2.0,2.0,2.0
6159,210,2.0,2.0,2.0,2.0,2.0,1.0224575240901101,2.0,2.0,2.0
6229,211,2.0,2.0,0.09044634239841745,2.0,2.0,2.0,2.0,2.0,2.0
6230,212,2.0,2.0,1.8017882683090158,2.0,2.0,2.0,2.0,2.0,2.0
6231,213,2.0,2.0,0.31835507309284566,2.0,2.0,2.0,2.0,2.0,2.0
6367,214,2.0,0.0,2.0,2.0,2.0,2.0,2.0,2.0,2.0
6368,215,2.0,2.0,2.0,2.0,0.0,2.0,2.0,2.0,2.0
6369,216,2.0,2.0,2.0,2.0,0.0,2.0,2.0,2.0,2.0
6426,217,2.0,2.0,0.0,2.0,2.0,2.0,2.0,2.0,2.0
6511,218,2.0,2.0,2.0,2.0,2.0,0.0,2.0,2.0,2.0
6512,219,2.0,2.0,2.0,2.0,2.0,0.0,2.0,2.0,2.0
6513,220,2.0,2.0,2.0,2.0,2.0,0.0,2.0,2.0,2.0
6517,221,2.0,2.0,2.0,2.0,2.0,2.0,0.0,2.0,2.0
6518,222,2.0,2.0,2.0,2.0,2.0,2.0,0.0,2.0,2.0
6698,223,2.0,0.0,0.0,0.0,0.0,0.0,0.0,0.0,0.0
6699,224,2.0,0.0,0.0,0.0,0.0,0.0,0.0,0.0,0.0
6742,225,2.0,1.6873994984808818,2.0,2.0,2.0,2.0,2.0,2.0,2.0
6743,226,2.0,0.12638147969264732,2.0,2.0,2.0,2.0,2.0,2.0,2.0
6744,227,2.0,0.006790981509710754,2.0,2.0,2.0,2.0,2.0,2.0,2.0
6844,228,2.0,2.0,2.0,2.0,2.0,2.0,2.0,2.0,0.0
6845,229,2.0,2.0,2.0,2.0,2.0,2.0,2.0,2.0,0.0
6846,230,2.0,2.0,2.0,2.0,2.0,2.0,2.0,2.0,0.0
7003,231,2.0,2.0,2.0,2.0,2.0,0.0,2.0,2.0,2.0
7004,232,2.0,2.0,2.0,2.0,2.0,0.0,2.0,2.0,2.0
7045,233,2.0,2.0,2.0,2.0,2.0,2.0,0.0,2.0,2.0
7046,234,2.0,2.0,2.0,2.0,2.0,2.0,0.0,2.0,2.0
7047,235,2.0,2.0,2.0,0.0,2.0,2.0,0.0,2.0,2.0
7072,236,2.0,2.0,0.0,2.0,2.0,2.0,2.0,2.0,2.0
7073,237,2.0,2.0,0.0,2.0,2.0,2.0,2.0,2.0,2.0
7074,238,2.0,2.0,0.0,2.0,2.0,2.0,2.0,2.0,2.0
7213,239,2.0,2.0,2.0,2.0,2.0,0.0,2.0,2.0,2.0
7215,240,2.0,2.0,2.0,2.0,2.0,0.0,2.0,2.0,2.0
7237,241,2.0,2.0,2.0,2.0,2.0,2.0,2.0,2.0,0.2286286319830603
7238,242,2.0,2.0,2.0,2.0,2.0,2.0,2.0,2.0,0.3655616403091698
7239,243,2.0,2.0,2.0,2.0,2.0,2.0,2.0,2.0,0.02060409499555225
7315,244,2.0,2.0,2.0,0.0,2.0,2.0,2.0,2.0,2.0
7317,245,2.0,2.0,2.0,0.0,2.0,2.0,2.0,2.0,2.0
7360,246,2.0,2.0,2.0,2.0,2.0,2.0,2.0,2.0,0.0
7361,247,2.0,2.0,2.0,2.0,2.0,2.0,2.0,2.0,0.0
7362,248,2.0,2.0,2.0,2.0,2.0,2.0,2.0,2.0,0.0
7630,249,2.0,2.0,2.0,0.0,2.0,2.0,2.0,2.0,2.0
7631,250,2.0,2.0,2.0,0.0,2.0,2.0,2.0,2.0,2.0
7801,251,2.0,2.0,2.0,2.0,2.0,0.0,2.0,2.0,2.0
7802,252,2.0,2.0,2.0,2.0,2.0,0.0,2.0,2.0,2.0
7803,253,2.0,2.0,2.0,2.0,2.0,0.0,2.0,2.0,2.0
7813,254,2.0,2.0,2.0,2.0,2.0,1.593631306232692,2.0,2.0,2.0
7886,255,2.0,2.0,2.0,2.0,2.0,0.0,2.0,2.0,2.0
7887,256,2.0,2.0,2.0,2.0,2.0,0.0,2.0,2.0,2.0
7961,257,2.0,2.0,0.0,2.0,2.0,2.0,2.0,2.0,2.0
7962,258,2.0,2.0,0.0,2.0,2.0,2.0,2.0,2.0,2.0
8008,259,2.0,2.0,2.0,2.0,2.0,0.0,2.0,2.0,2.0
8009,260,2.0,2.0,2.0,2.0,2.0,0.0,2.0,2.0,2.0
8077,261,0.0,2.0,2.0,2.0,2.0,2.0,2.0,2.0,2.0
8078,262,0.0,2.0,2.0,2.0,2.0,2.0,2.0,2.0,2.0
8079,263,0.0,2.0,2.0,2.0,2.0,2.0,2.0,2.0,2.0
8083,264,2.0,2.0,2.0,2.0,2.0,2.0,1.3779039657696468,2.0,2.0
8084,265,2.0,2.0,2.0,2.0,2.0,2.0,1.1471799741019244,2.0,2.0
8095,266,2.0,2.0,2.0,2.0,2.0,2.0,0.15602432514449893,2.0,2.0
8096,267,2.0,2.0,2.0,2.0,2.0,2.0,0.2605035187320373,2.0,2.0
8097,268,2.0,2.0,2.0,2.0,2.0,2.0,0.4081998993110522,2.0,2.0
8151,269,2.0,2.0,2.0,1.751439897903371,2.0,2.0,2.0,2.0,2.0
8158,270,2.0,2.0,2.0,0.0,2.0,2.0,2.0,2.0,2.0
8159,271,2.0,2.0,2.0,0.0,2.0,2.0,2.0,2.0,2.0
8160,272,2.0,2.0,2.0,0.0,2.0,2.0,2.0,2.0,2.0
8236,273,2.0,2.0,0.0,2.0,2.0,2.0,2.0,2.0,2.0
8237,274,2.0,2.0,0.0,2.0,2.0,2.0,2.0,2.0,2.0
8238,275,2.0,2.0,0.0,2.0,2.0,2.0,2.0,2.0,2.0
8240,276,2.0,2.0,0.0,2.0,2.0,2.0,2.0,2.0,2.0
8241,277,2.0,2.0,0.0,2.0,2.0,2.0,2.0,2.0,2.0
8245,278,2.0,2.0,0.0,2.0,2.0,2.0,2.0,2.0,2.0
8246,279,2.0,2.0,0.0,2.0,2.0,2.0,2.0,2.0,2.0
8247,280,2.0,2.0,0.0,2.0,2.0,2.0,2.0,2.0,2.0
8279,281,0.0,2.0,2.0,2.0,2.0,2.0,2.0,2.0,2.0
8280,282,0.0,2.0,2.0,2.0,2.0,2.0,2.0,2.0,2.0
8284,283,0.0,2.0,2.0,2.0,2.0,2.0,2.0,2.0,2.0
8285,284,0.0,2.0,2.0,2.0,2.0,2.0,2.0,2.0,2.0
8286,285,0.0,2.0,2.0,2.0,2.0,2.0,2.0,2.0,2.0
8290,286,2.0,1.5196910046627927,2.0,2.0,2.0,2.0,2.0,2.0,2.0
8292,287,2.0,1.2107791319791807,2.0,2.0,2.0,2.0,2.0,2.0,2.0
8377,288,2.0,2.0,2.0,0.0,2.0,2.0,2.0,0.0,2.0
8378,289,2.0,2.0,2.0,2.0,2.0,2.0,2.0,0.0,2.0
8379,290,2.0,2.0,2.0,0.0,2.0,2.0,2.0,0.0,2.0
8497,291,2.0,2.0,0.0,2.0,2.0,2.0,2.0,2.0,2.0
8498,292,2.0,2.0,0.0,2.0,2.0,2.0,2.0,2.0,2.0
8542,293,2.0,2.0,2.0,0.7748581050835299,2.0,2.0,2.0,2.0,2.0
8543,294,2.0,2.0,2.0,0.043451567505248596,2.0,2.0,2.0,2.0,2.0
8544,295,2.0,2.0,2.0,0.14482070453044102,2.0,2.0,2.0,2.0,2.0
8548,296,2.0,2.0,2.0,2.0,2.0,2.0,2.0,0.0,2.0
8549,297,2.0,2.0,2.0,2.0,2.0,2.0,2.0,0.0,2.0
8550,298,2.0,2.0,2.0,2.0,2.0,2.0,2.0,0.0,2.0
8578,299,2.0,2.0,2.0,2.0,1.8213882683090157,2.0,2.0,2.0,2.0
8580,300,2.0,2.0,2.0,2.0,0.7269993302375827,2.0,2.0,2.0,2.0
8755,301,2.0,2.0,0.0,2.0,2.0,2.0,2.0,2.0,2.0
8756,302,2.0,2.0,0.0,2.0,2.0,2.0,2.0,2.0,2.0
8757,303,2.0,2.0,0.0,2.0,2.0,2.0,2.0,2.0,2.0
8764,304,2.0,2.0,2.0,2.0,2.0,0.0,2.0,2.0,2.0
8765,305,2.0,2.0,2.0,2.0,2.0,0.0,2.0,2.0,2.0
8782,306,2.0,2.0,2.0,0.0,2.0,2.0,2.0,2.0,2.0
8783,307,2.0,2.0,2.0,0.0,2.0,2.0,2.0,2.0,2.0
8784,308,2.0,2.0,2.0,0.0,2.0,2.0,2.0,2.0,2.0
8794,309,2.0,2.0,2.0,2.0,2.0,2.0,0.0,2.0,2.0
8795,310,2.0,2.0,2.0,2.0,2.0,2.0,0.0,2.0,2.0
8796,311,2.0,2.0,2.0,2.0,2.0,2.0,0.0,2.0,2.0
8800,312,2.0,2.0,2.0,2.0,2.0,2.0,2.0,0.0,2.0
8857,313,2.0,2.0,2.0,0.0,2.0,2.0,2.0,2.0,2.0
8947,314,0.0,2.0,2.0,2.0,2.0,2.0,2.0,2.0,2.0
8949,315,0.0,2.0,2.0,2.0,2.0,2.0,2.0,2.0,2.0
8983,316,2.0,2.0,2.0,2.0,2.0,2.0,2.0,0.0,2.0
8984,317,2.0,2.0,2.0,2.0,2.0,2.0,2.0,0.0,2.0
8985,318,2.0,2.0,2.0,2.0,2.0,2.0,2.0,0.0,2.0
9076,319,2.0,2.0,0.0,2.0,2.0,2.0,2.0,2.0,2.0
9077,320,2.0,2.0,0.0,2.0,2.0,2.0,2.0,2.0,2.0
9118,321,2.0,2.0,2.0,2.0,2.0,0.0,2.0,2.0,2.0
9119,322,2.0,2.0,2.0,2.0,2.0,0.0,2.0,2.0,2.0
9166,323,2.0,1.0224575240901101,2.0,2.0,2.0,2.0,2.0,2.0,2.0
9167,324,2.0,1.900014795463048,2.0,2.0,2.0,2.0,2.0,2.0,2.0
9168,325,2.0,0.15753099527078404,2.0,2.0,2.0,2.0,2.0,2.0,2.0
9172,326,2.0,2.0,2.0,2.0,2.0,2.0,0.0,2.0,2.0
9173,327,2.0,2.0,2.0,2.0,2.0,2.0,0.0,2.0,2.0
9174,328,2.0,2.0,2.0,2.0,2.0,2.0,0.0,2.0,2.0
9199,329,0.0,2.0,0.0,0.0,2.0,0.0,0.0,0.0,0.0
9200,330,0.0,2.0,0.0,0.0,0.0,0.0,0.0,0.0,0.0
9201,331,0.0,2.0,0.0,0.0,2.0,0.0,0.0,0.0,0.0
9263,332,2.0,2.0,0.0,2.0,2.0,2.0,2.0,2.0,2.0
9264,333,2.0,2.0,0.0,2.0,2.0,2.0,2.0,2.0,2.0
9379,334,2.0,2.0,2.0,2.0,2.0,0.0,2.0,2.0,2.0
9380,335,2.0,2.0,2.0,2.0,2.0,0.0,2.0,2.0,2.0
9381,336,2.0,2.0,2.0,2.0,2.0,0.0,2.0,2.0,2.0
9409,337,2.0,2.0,2.0,2.0,2.0,0.0,2.0,2.0,2.0
9410,338,2.0,2.0,2.0,2.0,2.0,0.0,2.0,2.0,2.0
9411,339,2.0,2.0,2.0,2.0,2.0,0.0,2.0,2.0,2.0
9416,340,2.0,2.0,0.0,2.0,2.0,2.0,2.0,2.0,2.0
9417,341,2.0,2.0,0.0,2.0,2.0,2.0,2.0,2.0,2.0
9499,342,2.0,2.0,0.0,2.0,2.0,2.0,2.0,2.0,2.0
9501,343,2.0,2.0,0.0,2.0,2.0,2.0,2.0,2.0,2.0
9532,344,2.0,2.0,2.0,2.0,2.0,2.0,2.0,2.0,0.0
9533,345,2.0,2.0,2.0,2.0,2.0,2.0,2.0,2.0,0.0
9534,346,2.0,2.0,2.0,2.0,2.0,2.0,2.0,2.0,0.0
9592,347,2.0,2.0,2.0,2.0,2.0,0.0,2.0,2.0,2.0
9594,348,2.0,2.0,2.0,2.0,2.0,0.0,2.0,2.0,2.0
9596,349,0.0,2.0,2.0,2.0,2.0,2.0,2.0,2.0,2.0
9597,350,0.0,2.0,2.0,2.0,2.0,2.0,2.0,2.0,2.0
9642,351,2.0,2.0,2.0,1.5196910046627927,2.0,2.0,2.0,2.0,2.0
9682,352,2.0,2.0,2.0,0.0,2.0,2.0,2.0,2.0,2.0
9683,353,2.0,2.0,2.0,0.0,2.0,2.0,2.0,2.0,2.0
9684,354,2.0,2.0,2.0,0.0,2.0,2.0,2.0,2.0,2.0
9704,355,2.0,2.0,2.0,2.0,2.0,2.0,0.0,2.0,2.0
9705,356,2.0,2.0,2.0,2.0,2.0,2.0,0.0,2.0,2.0
9769,357,2.0,2.0,2.0,0.10035330485073142,2.0,2.0,2.0,2.0,2.0
9770,358,2.0,2.0,2.0,1.5722017759947922,2.0,2.0,2.0,2.0,2.0
9805,359,2.0,2.0,1.3779039657696468,2.0,2.0,2.0,2.0,2.0,2.0
9871,360,2.0,2.0,2.0,0.0,2.0,2.0,2.0,2.0,2.0
9872,361,2.0,2.0,2.0,0.0,2.0,2.0,2.0,2.0,2.0
9873,362,2.0,2.0,2.0,0.0,2.0,2.0,2.0,2.0,2.0
9913,363,0.0,2.0,0.0,0.0,0.0,0.0,0.0,0.0,0.0
9914,364,0.0,2.0,0.0,0.0,0.0,0.0,0.0,0.0,0.0
9915,365,0.0,2.0,0.0,0.0,0.0,0.0,0.0,0.0,0.0
9919,366,2.0,2.0,0.0,2.0,2.0,2.0,2.0,2.0,2.0
9920,367,2.0,2.0,0.0,2.0,2.0,2.0,2.0,2.0,2.0
9921,368,2.0,2.0,0.0,2.0,2.0,2.0,2.0,2.0,2.0
10113,369,2.0,0.10524067295862828,2.0,2.0,2.0,2.0,2.0,2.0,2.0
10114,370,2.0,2.0,2.0,2.0,2.0,2.0,2.0,0.0,2.0
10115,371,2.0,2.0,2.0,2.0,2.0,2.0,2.0,0.0,2.0
10116,372,2.0,2.0,2.0,2.0,2.0,2.0,2.0,0.0,2.0
10188,373,2.0,2.0,0.0,2.0,2.0,2.0,2.0,2.0,2.0
10339,374,2.0,2.0,0.0,2.0,2.0,2.0,2.0,2.0,2.0
10340,375,2.0,2.0,0.0,2.0,2.0,2.0,2.0,2.0,2.0
10341,376,2.0,2.0,0.0,2.0,2.0,2.0,2.0,2.0,2.0
10453,377,0.0,2.0,2.0,2.0,2.0,2.0,2.0,2.0,2.0
10455,378,0.0,2.0,2.0,2.0,2.0,2.0,2.0,2.0,2.0
10531,379,2.0,2.0,0.0,2.0,2.0,2.0,2.0,2.0,2.0
10532,380,2.0,2.0,0.0,2.0,2.0,2.0,2.0,2.0,2.0
10533,381,2.0,2.0,0.0,2.0,2.0,2.0,2.0,2.0,2.0
10617,382,2.0,2.0,2.0,2.0,1.900014795463048,2.0,2.0,2.0,2.0
10642,383,2.0,2.0,2.0,2.0,2.0,2.0,0.0,2.0,2.0
10644,384,2.0,2.0,2.0,2.0,2.0,2.0,0.0,2.0,2.0
10723,385,2.0,2.0,2.0,2.0,2.0,0.0,2.0,2.0,2.0
10724,386,2.0,2.0,2.0,2.0,2.0,0.0,2.0,2.0,2.0
10725,387,2.0,2.0,2.0,2.0,2.0,0.0,2.0,2.0,2.0
10754,388,1.3779039657696468,2.0,2.0,2.0,2.0,2.0,2.0,2.0,2.0
10755,389,1.900014795463048,2.0,2.0,2.0,2.0,2.0,2.0,2.0,2.0
10813,390,2.0,2.0,2.0,2.0,2.0,1.900014795463048,2.0,2.0,2.0
10814,391,2.0,2.0,2.0,2.0,2.0,0.841883356584654,2.0,2.0,2.0
10884,392,2.0,2.0,2.0,2.0,2.0,2.0,1.900014795463048,2.0,2.0
10892,393,0.0,2.0,2.0,2.0,2.0,2.0,2.0,2.0,2.0
10893,394,0.0,2.0,2.0,2.0,2.0,2.0,2.0,2.0,2.0
10969,395,2.0,2.0,2.0,2.0,2.0,2.0,2.0,0.0,2.0
10970,396,2.0,2.0,2.0,2.0,2.0,2.0,2.0,0.0,2.0
11056,397,2.0,2.0,2.0,2.0,2.0,2.0,2.0,0.0,2.0
11057,398,2.0,2.0,2.0,2.0,2.0,2.0,2.0,0.0,2.0
11058,399,2.0,2.0,2.0,2.0,2.0,2.0,2.0,0.0,2.0
11072,400,2.0,2.0,2.0,2.0,2.0,2.0,0.0,2.0,2.0
11146,401,1.1471799741019244,2.0,2.0,2.0,2.0,2.0,2.0,2.0,2.0
11147,402,0.8915414066556503,2.0,2.0,2.0,2.0,2.0,2.0,2.0,2.0
11148,403,1.469995145013909,2.0,2.0,2.0,2.0,2.0,2.0,2.0,2.0
11151,404,0.0,2.0,2.0,2.0,2.0,2.0,2.0,2.0,2.0
11156,405,2.0,2.0,2.0,2.0,2.0,2.0,2.0,2.0,0.0
11198,406,2.0,2.0,0.15967677689519558,2.0,2.0,2.0,2.0,2.0,2.0
11199,407,2.0,2.0,0.012687130625293589,2.0,2.0,2.0,2.0,2.0,2.0
11221,408,2.0,2.0,2.0,1.1136349055317214,2.0,2.0,2.0,2.0,2.0
11222,409,2.0,2.0,2.0,0.11438534443698439,2.0,2.0,2.0,2.0,2.0
11223,410,2.0,2.0,2.0,0.035034051868022775,2.0,2.0,2.0,2.0,2.0
11279,411,2.0,2.0,2.0,2.0,2.0,0.0,2.0,2.0,2.0
11407,412,2.0,2.0,2.0,2.0,2.0,0.0,2.0,2.0,2.0
11408,413,2.0,2.0,2.0,2.0,2.0,0.0,2.0,2.0,2.0
11431,414,0.0,2.0,0.0,0.0,0.0,0.0,0.0,0.0,0.0
11432,415,0.0,2.0,0.0,0.0,2.0,0.0,0.0,0.0,0.0
11433,416,0.0,2.0,0.0,0.0,0.0,0.0,0.0,0.0,0.0
11492,417,2.0,2.0,0.0,2.0,2.0,2.0,2.0,2.0,2.0
11493,418,2.0,2.0,0.0,2.0,2.0,2.0,2.0,2.0,2.0
11518,419,2.0,2.0,2.0,2.0,0.8682076843554628,2.0,2.0,2.0,2.0
11520,420,2.0,2.0,2.0,2.0,0.7450206087473443,2.0,2.0,2.0,2.0
11539,421,2.0,2.0,2.0,2.0,0.0,2.0,2.0,2.0,2.0
11540,422,2.0,0.0,2.0,2.0,0.0,2.0,2.0,2.0,2.0
11541,423,2.0,0.0,2.0,2.0,2.0,2.0,2.0,2.0,2.0
11603,424,2.0,2.0,2.0,2.0,2.0,0.6038647234328838,2.0,2.0,2.0
11679,425,2.0,0.0,0.0,0.0,0.0,0.0,0.0,0.0,0.0
11692,426,2.0,2.0,2.0,2.0,2.0,0.0,2.0,2.0,2.0
11693,427,2.0,2.0,2.0,2.0,2.0,0.0,2.0,2.0,2.0
11869,428,2.0,2.0,2.0,2.0,2.0,0.0,2.0,2.0,2.0
11870,429,2.0,2.0,2.0,2.0,2.0,0.0,2.0,2.0,2.0
11871,430,2.0,2.0,2.0,2.0,2.0,0.0,2.0,2.0,2.0
11950,431,2.0,2.0,2.0,2.0,2.0,0.0,2.0,2.0,2.0
11951,432,2.0,2.0,2.0,2.0,2.0,0.0,2.0,2.0,2.0
11952,433,2.0,2.0,2.0,2.0,2.0,0.0,2.0,2.0,2.0
11977,434,2.0,2.0,2.0,1.5722017759947922,2.0,2.0,2.0,2.0,2.0
12031,435,2.0,2.0,2.0,2.0,2.0,2.0,2.0,0.0,2.0
12032,436,2.0,2.0,2.0,2.0,2.0,2.0,2.0,0.0,2.0
12033,437,2.0,2.0,2.0,2.0,2.0,2.0,2.0,0.0,2.0
12137,438,2.0,2.0,2.0,2.0,2.0,2.0,2.0,0.0,2.0
12358,439,2.0,2.0,1.3476040376626035,2.0,2.0,2.0,2.0,2.0,2.0
12359,440,2.0,2.0,0.7450206087473443,2.0,2.0,2.0,2.0,2.0,2.0
12360,441,2.0,2.0,0.9112538693090346,2.0,2.0,2.0,2.0,2.0,2.0
12451,442,2.0,2.0,2.0,2.0,2.0,0.0,2.0,2.0,2.0
12452,443,2.0,2.0,2.0,2.0,2.0,0.0,2.0,2.0,2.0
12453,444,2.0,2.0,2.0,2.0,2.0,0.0,2.0,2.0,2.0
12499,445,2.0,2.0,2.0,2.0,2.0,2.0,0.0,2.0,2.0
12500,446,2.0,2.0,2.0,2.0,2.0,2.0,0.0,2.0,2.0
12501,447,2.0,2.0,2.0,2.0,2.0,2.0,0.0,2.0,2.0
12553,448,2.0,2.0,0.0,2.0,2.0,2.0,2.0,2.0,2.0
12554,449,2.0,2.0,0.0,2.0,2.0,2.0,2.0,2.0,2.0
12772,450,2.0,2.0,2.0,0.24820528142927065,2.0,2.0,2.0,2.0,2.0
12773,451,2.0,2.0,2.0,0.07287164649193184,2.0,2.0,2.0,2.0,2.0
12774,452,2.0,2.0,2.0,0.04432106503401139,2.0,2.0,2.0,2.0,2.0
12806,453,2.0,0.0,0.0,0.0,0.0,0.0,0.0,0.0,0.0
12826,454,2.0,2.0,2.0,2.0,2.0,2.0,2.0,2.0,0.0
12827,455,2.0,2.0,2.0,2.0,2.0,2.0,2.0,2.0,0.0
12893,456,2.0,2.0,2.0,2.0,2.0,0.0,2.0,2.0,2.0
12894,457,2.0,2.0,2.0,2.0,2.0,0.0,2.0,2.0,2.0
13016,458,2.0,2.0,2.0,2.0,2.0,0.0,2.0,2.0,2.0
13017,459,2.0,2.0,2.0,2.0,2.0,0.0,2.0,2.0,2.0
13210,460,2.0,2.0,2.0,2.0,2.0,2.0,2.0,2.0,0.0
13212,461,2.0,2.0,2.0,2.0,2.0,2.0,2.0,2.0,0.0
13312,462,2.0,2.0,2.0,2.0,0.0,2.0,2.0,2.0,2.0
13313,463,2.0,0.0,2.0,2.0,2.0,2.0,2.0,2.0,2.0
13314,464,2.0,0.0,2.0,2.0,2.0,2.0,2.0,2.0,2.0
13321,465,2.0,2.0,2.0,2.0,2.0,2.0,2.0,2.0,0.0
13322,466,2.0,2.0,2.0,2.0,2.0,2.0,2.0,2.0,0.0
13323,467,2.0,2.0,2.0,2.0,2.0,2.0,2.0,2.0,0.0
13324,468,2.0,2.0,2.0,2.0,2.0,0.0,2.0,2.0,2.0
13325,469,2.0,2.0,2.0,2.0,2.0,0.0,2.0,2.0,2.0
13326,470,2.0,2.0,2.0,2.0,2.0,0.0,2.0,2.0,2.0
13378,471,2.0,2.0,2.0,2.0,2.0,2.0,0.0,2.0,2.0
13379,472,2.0,2.0,2.0,2.0,2.0,2.0,0.0,2.0,2.0
13380,473,2.0,2.0,2.0,2.0,2.0,2.0,0.0,2.0,2.0
13620,474,2.0,2.0,2.0,2.0,1.5196910046627927,2.0,2.0,2.0,2.0
13831,475,2.0,0.0,0.0,0.0,0.0,0.0,0.0,0.0,0.0
13832,476,2.0,0.0,0.0,0.0,0.0,0.0,0.0,0.0,0.0
13833,477,2.0,0.0,0.0,0.0,0.0,0.0,0.0,0.0,0.0
13861,478,2.0,2.0,0.0,2.0,2.0,2.0,2.0,2.0,2.0
13863,479,2.0,2.0,0.0,2.0,2.0,2.0,2.0,2.0,2.0
13879,480,2.0,2.0,2.0,2.0,2.0,0.0,2.0,2.0,2.0
13880,481,2.0,2.0,2.0,2.0,2.0,0.0,2.0,2.0,2.0
13881,482,2.0,2.0,2.0,2.0,2.0,0.0,2.0,2.0,2.0
14150,483,2.0,2.0,2.0,2.0,2.0,2.0,2.0,2.0,0.0
14151,484,2.0,2.0,2.0,2.0,2.0,2.0,2.0,2.0,0.0
14152,485,2.0,2.0,2.0,2.0,2.0,0.0,2.0,2.0,2.0
14153,486,2.0,2.0,2.0,2.0,2.0,0.0,2.0,2.0,2.0
14154,487,2.0,2.0,2.0,2.0,2.0,0.0,2.0,2.0,2.0
14176,488,2.0,0.0,0.0,0.0,0.0,0.0,0.0,0.0,0.0
14177,489,2.0,0.0,0.0,0.0,0.0,0.0,0.0,0.0,0.0
14178,490,2.0,0.0,0.0,0.0,0.0,0.0,0.0,0.0,0.0
14182,491,2.0,0.0,2.0,2.0,0.0,2.0,2.0,2.0,2.0
14183,492,2.0,0.0,2.0,2.0,2.0,2.0,2.0,2.0,2.0
14184,493,2.0,2.0,2.0,2.0,0.0,2.0,2.0,2.0,2.0
14221,494,2.0,2.0,2.0,2.0,2.0,2.0,2.0,0.0,2.0
14223,495,2.0,2.0,2.0,2.0,2.0,2.0,2.0,0.0,2.0
14251,496,2.0,2.0,2.0,2.0,2.0,2.0,0.0,2.0,2.0
14252,497,2.0,2.0,2.0,2.0,2.0,2.0,0.0,2.0,2.0
14253,498,2.0,2.0,2.0,2.0,2.0,2.0,0.0,2.0,2.0
14284,499,2.0,2.0,2.0,2.0,2.0,2.0,0.0,2.0,2.0
14286,500,2.0,2.0,2.0,2.0,2.0,2.0,0.0,2.0,2.0
14341,501,2.0,2.0,2.0,0.0,2.0,2.0,2.0,2.0,2.0
14342,502,2.0,2.0,2.0,0.0,2.0,2.0,2.0,2.0,2.0
14343,503,2.0,2.0,2.0,0.0,2.0,2.0,2.0,2.0,2.0
14401,504,2.0,2.0,2.0,2.0,2.0,2.0,2.0,0.0,2.0
14402,505,2.0,2.0,2.0,2.0,2.0,2.0,2.0,0.0,2.0
14403,506,2.0,2.0,2.0,2.0,2.0,2.0,2.0,0.0,2.0
14667,507,1.900014795463048,2.0,2.0,2.0,2.0,2.0,2.0,2.0,2.0
14686,508,2.0,2.0,2.0,2.0,2.0,2.0,1.3350747972335701,2.0,2.0
14687,509,2.0,2.0,2.0,2.0,2.0,2.0,0.26092329873267284,2.0,2.0
14688,510,2.0,2.0,2.0,2.0,2.0,2.0,0.3059325937905876,2.0,2.0
14794,511,2.0,2.0,2.0,0.0,2.0,2.0,2.0,2.0,2.0
14796,512,2.0,2.0,2.0,0.0,2.0,2.0,2.0,2.0,2.0
14818,513,2.0,2.0,0.0,2.0,2.0,2.0,2.0,2.0,2.0
14819,514,2.0,2.0,0.0,2.0,2.0,2.0,2.0,2.0,2.0
14820,515,2.0,2.0,0.0,2.0,2.0,2.0,2.0,2.0,2.0
14822,516,2.0,2.0,0.0,2.0,2.0,2.0,2.0,2.0,2.0
14823,517,2.0,2.0,0.0,2.0,2.0,2.0,2.0,2.0,2.0
14873,518,2.0,2.0,2.0,1.5722017759947922,2.0,2.0,2.0,2.0,2.0
14890,519,2.0,2.0,2.0,2.0,2.0,0.0,2.0,2.0,2.0
14891,520,2.0,2.0,2.0,2.0,2.0,0.0,2.0,2.0,2.0
14892,521,2.0,2.0,2.0,2.0,2.0,0.0,2.0,2.0,2.0
15037,522,2.0,2.0,0.0,2.0,2.0,2.0,2.0,2.0,2.0
15038,523,2.0,2.0,0.0,2.0,2.0,2.0,2.0,2.0,2.0
15073,524,2.0,2.0,2.0,2.0,2.0,2.0,2.0,2.0,0.0
15074,525,2.0,2.0,2.0,2.0,2.0,2.0,2.0,2.0,0.0
15122,526,2.0,2.0,0.0,2.0,2.0,2.0,2.0,2.0,2.0
15123,527,2.0,2.0,0.0,2.0,2.0,2.0,2.0,2.0,2.0
15213,528,2.0,2.0,2.0,2.0,2.0,0.4943734799928984,2.0,2.0,2.0
15235,529,2.0,2.0,2.0,2.0,2.0,2.0,2.0,2.0,0.4171604554377875
15236,530,2.0,2.0,2.0,2.0,2.0,2.0,2.0,2.0,0.06627585169021748
15237,531,2.0,2.0,2.0,2.0,2.0,2.0,2.0,2.0,0.007686425943060509
15277,532,2.0,2.0,2.0,0.0,2.0,2.0,2.0,2.0,2.0
15278,533,2.0,2.0,2.0,0.0,2.0,2.0,2.0,2.0,2.0
15279,534,2.0,2.0,2.0,0.0,2.0,2.0,2.0,2.0,2.0
15442,535,2.0,2.0,0.0,2.0,2.0,2.0,2.0,2.0,2.0
15443,536,2.0,2.0,0.0,2.0,2.0,2.0,2.0,2.0,2.0
15444,537,2.0,2.0,0.0,2.0,2.0,2.0,2.0,2.0,2.0
15474,538,2.0,2.0,2.0,2.0,2.0,2.0,2.0,2.0,0.3882513257057856
15487,539,2.0,2.0,2.0,2.0,0.0,2.0,2.0,2.0,2.0
15488,540,2.0,0.0,2.0,2.0,0.0,2.0,2.0,2.0,2.0
15523,541,2.0,0.0,2.0,2.0,0.0,2.0,2.0,2.0,2.0
15525,542,2.0,0.0,2.0,2.0,0.0,2.0,2.0,2.0,2.0
15595,543,2.0,2.0,2.0,2.0,2.0,2.0,0.0,2.0,2.0
15596,544,2.0,2.0,2.0,2.0,2.0,2.0,0.0,2.0,2.0
15597,545,2.0,2.0,2.0,2.0,2.0,2.0,0.0,2.0,2.0
15604,546,2.0,0.0,0.0,0.0,0.0,0.0,0.0,0.0,0.0
15605,547,2.0,0.0,0.0,0.0,0.0,0.0,0.0,0.0,0.0
15606,548,2.0,0.0,0.0,0.0,0.0,0.0,0.0,0.0,0.0
15625,549,1.9,1.9,1.9,1.9,1.9,1.9,1.9,1.9,1.9
15627,550,0.0,0.0,0.0,0.0,0.0,0.0,0.0,0.0,0.0
15685,551,2.0,2.0,2.0,2.0,2.0,2.0,2.0,0.0,2.0
15686,552,2.0,2.0,2.0,2.0,2.0,2.0,2.0,0.0,2.0
15687,553,2.0,2.0,2.0,2.0,2.0,2.0,2.0,0.0,2.0
15823,554,2.0,2.0,0.16540560978687474,2.0,2.0,2.0,2.0,0.0,2.0
15824,555,2.0,2.0,0.8240754163967059,2.0,2.0,2.0,2.0,2.0,2.0
15825,556,2.0,2.0,0.31610088799739616,2.0,2.0,2.0,2.0,0.0,2.0
15869,557,2.0,2.0,2.0,2.0,2.0,2.0,1.3602241173886103,2.0,2.0
15870,558,2.0,2.0,2.0,2.0,2.0,2.0,1.4299888019944187,2.0,2.0
15892,559,2.0,2.0,2.0,2.0,2.0,0.0,2.0,2.0,2.0
15893,560,2.0,2.0,2.0,2.0,2.0,0.0,2.0,2.0,2.0
15894,561,2.0,2.0,2.0,2.0,2.0,0.0,2.0,2.0,2.0
15916,562,2.0,2.0,2.0,2.0,2.0,2.0,2.0,0.43609953401306445,2.0
15917,563,2.0,2.0,2.0,2.0,2.0,2.0,2.0,0.09280475482749176,2.0
15918,564,2.0,2.0,2.0,2.0,2.0,2.0,2.0,1.3350747972335701,2.0
15974,565,2.0,2.0,2.0,2.0,2.0,1.8213882683090157,2.0,2.0,2.0
16021,566,2.0,2.0,2.0,2.0,2.0,2.0,2.0,2.0,0.0
16022,567,2.0,2.0,2.0,2.0,2.0,2.0,2.0,2.0,0.0
16023,568,2.0,2.0,2.0,2.0,2.0,2.0,2.0,2.0,0.0
16036,569,2.0,2.0,2.0,2.0,0.4561632431563519,2.0,2.0,2.0,2.0
16037,570,2.0,2.0,2.0,2.0,0.6046508261276666,2.0,2.0,2.0,2.0
16038,571,2.0,2.0,2.0,2.0,0.7197340762184895,2.0,2.0,2.0,2.0
16054,572,2.0,0.0,0.0,0.0,0.0,0.0,0.0,0.0,0.0
16055,573,2.0,0.0,0.0,0.0,0.0,0.0,0.0,0.0,0.0
16056,574,2.0,0.0,0.0,0.0,0.0,0.0,0.0,0.0,0.0
16090,575,0.3601865825905912,2.0,2.0,2.0,2.0,2.0,2.0,2.0,2.0
16091,576,0.05982955528666125,2.0,2.0,2.0,2.0,2.0,2.0,2.0,2.0
16092,577,0.07566925822199111,2.0,2.0,2.0,2.0,2.0,2.0,2.0,2.0
16093,578,2.0,2.0,0.0,2.0,2.0,2.0,2.0,2.0,2.0
16094,579,2.0,2.0,0.0,2.0,2.0,2.0,2.0,2.0,2.0
16153,580,2.0,1.900014795463048,2.0,2.0,2.0,2.0,2.0,2.0,2.0
16156,581,2.0,2.0,2.0,2.0,2.0,2.0,2.0,2.0,0.0
16157,582,2.0,2.0,2.0,2.0,2.0,2.0,2.0,2.0,0.0
16180,583,2.0,2.0,2.0,2.0,2.0,2.0,2.0,2.0,0.0
16181,584,2.0,2.0,2.0,2.0,2.0,2.0,2.0,2.0,0.0
16182,585,2.0,2.0,2.0,2.0,2.0,2.0,2.0,2.0,0.0
16227,586,0.19675860520510677,2.0,2.0,2.0,2.0,2.0,2.0,2.0,2.0
16258,587,2.0,2.0,2.0,2.0,2.0,0.0,2.0,2.0,2.0
16259,588,2.0,2.0,2.0,2.0,2.0,0.0,2.0,2.0,2.0
16260,589,2.0,2.0,2.0,2.0,2.0,0.0,2.0,2.0,2.0
16330,590,2.0,2.0,0.0,2.0,2.0,2.0,2.0,2.0,2.0
16399,591,2.0,0.0,0.0,0.0,0.0,0.0,0.0,0.0,0.0
16400,592,2.0,0.0,0.0,0.0,0.0,0.0,0.0,0.0,0.0
16401,593,2.0,0.0,0.0,0.0,0.0,0.0,0.0,0.0,0.0
16429,594,2.0,2.0,1.8213882683090157,2.0,2.0,2.0,2.0,2.0,2.0
16444,595,2.0,2.0,0.0,2.0,2.0,2.0,2.0,2.0,2.0
16446,596,2.0,2.0,0.0,2.0,2.0,2.0,2.0,2.0,2.0
16507,597,2.0,2.0,2.0,0.0,2.0,2.0,2.0,2.0,2.0
16508,598,2.0,2.0,2.0,0.0,2.0,2.0,2.0,2.0,2.0
16509,599,2.0,2.0,2.0,0.0,2.0,2.0,2.0,2.0,2.0
16582,600,2.0,2.0,0.0,2.0,2.0,2.0,2.0,2.0,2.0
16583,601,2.0,2.0,0.0,2.0,2.0,2.0,2.0,2.0,2.0
16674,602,2.0,2.0,2.0,2.0,0.6610765816071484,2.0,2.0,2.0,2.0
16713,603,2.0,2.0,2.0,2.0,2.0,2.0,0.1312749681062317,2.0,2.0
16723,604,2.0,2.0,2.0,2.0,2.0,2.0,0.0,2.0,2.0
16724,605,2.0,2.0,2.0,2.0,2.0,2.0,0.0,2.0,2.0
16725,606,2.0,2.0,2.0,2.0,2.0,2.0,0.0,2.0,2.0
16742,607,2.0,2.0,2.0,2.0,2.0,2.0,2.0,2.0,0.0
16743,608,2.0,2.0,2.0,2.0,2.0,2.0,2.0,2.0,0.0
16849,609,2.0,0.0,2.0,2.0,0.0,2.0,0.0,2.0,2.0
16850,610,2.0,0.0,2.0,2.0,0.0,2.0,0.0,2.0,2.0
16851,611,2.0,2.0,2.0,2.0,0.0,2.0,0.0,2.0,2.0
16936,612,2.0,0.0,2.0,2.0,0.0,2.0,2.0,2.0,2.0
16937,613,2.0,2.0,2.0,2.0,0.0,2.0,2.0,2.0,2.0
16938,614,2.0,0.0,2.0,2.0,2.0,2.0,2.0,2.0,2.0
16997,615,2.0,2.0,0.0,2.0,2.0,2.0,2.0,2.0,2.0
16998,616,2.0,2.0,0.0,2.0,2.0,2.0,2.0,2.0,2.0
17005,617,2.0,2.0,2.0,2.0,2.0,0.0,2.0,2.0,2.0
17006,618,2.0,2.0,2.0,2.0,2.0,0.0,2.0,2.0,2.0
17007,619,2.0,2.0,2.0,2.0,2.0,0.0,2.0,2.0,2.0
17026,620,2.0,2.0,2.0,2.0,2.0,0.0,2.0,2.0,2.0
17027,621,2.0,2.0,2.0,2.0,2.0,0.0,2.0,2.0,2.0
17028,622,2.0,2.0,2.0,2.0,2.0,0.0,2.0,2.0,2.0
17041,623,2.0,2.0,2.0,2.0,2.0,2.0,2.0,2.0,0.0
17042,624,2.0,2.0,2.0,2.0,2.0,2.0,2.0,2.0,0.0
17043,625,2.0,2.0,2.0,2.0,2.0,2.0,2.0,2.0,0.0
17061,626,2.0,2.0,0.0,2.0,2.0,2.0,2.0,2.0,2.0
17150,627,2.0,2.0,0.0,2.0,2.0,2.0,2.0,2.0,2.0
17305,628,2.0,2.0,2.0,2.0,2.0,2.0,2.0,2.0,0.9670693476896668
17306,629,2.0,2.0,2.0,2.0,2.0,2.0,2.0,2.0,0.8956024802493352
17307,630,2.0,2.0,2.0,2.0,2.0,2.0,2.0,2.0,0.06249783264129659
17391,631,2.0,2.0,2.0,2.0,2.0,2.0,2.0,2.0,0.4048692567727574
17392,632,2.0,0.0,2.0,2.0,0.0,2.0,2.0,2.0,2.0
17393,633,2.0,0.0,2.0,2.0,0.0,2.0,2.0,2.0,2.0
17394,634,2.0,0.0,2.0,2.0,0.0,2.0,2.0,2.0,2.0
17441,635,2.0,2.0,0.0,2.0,2.0,2.0,2.0,2.0,2.0
17485,636,2.0,2.0,2.0,2.0,2.0,2.0,2.0,2.0,0.0
17486,637,2.0,2.0,2.0,2.0,2.0,2.0,2.0,2.0,0.0
17487,638,2.0,2.0,2.0,2.0,2.0,2.0,2.0,2.0,0.0
17571,639,2.0,2.0,2.0,0.0,2.0,2.0,2.0,2.0,2.0
17590,640,2.0,2.0,0.0,2.0,2.0,2.0,2.0,2.0,2.0
17592,641,2.0,2.0,0.0,2.0,2.0,2.0,2.0,2.0,2.0
17776,642,2.0,2.0,2.0,2.0,2.0,2.0,0.5211946480791966,2.0,2.0
17777,643,2.0,2.0,2.0,2.0,2.0,2.0,0.009380415648642488,2.0,2.0
17778,644,2.0,2.0,2.0,2.0,2.0,2.0,0.7450206087473443,2.0,2.0
17790,645,1.58,1.58,1.58,1.58,1.58,1.58,1.58,1.58,1.58
17995,646,2.0,2.0,2.0,2.0,2.0,0.0,2.0,2.0,2.0
17997,647,2.0,2.0,2.0,2.0,2.0,0.0,2.0,2.0,2.0
18028,648,2.0,2.0,2.0,2.0,2.0,2.0,2.0,0.0,2.0
18029,649,2.0,2.0,2.0,2.0,2.0,2.0,2.0,0.0,2.0
18030,650,2.0,2.0,2.0,2.0,2.0,2.0,2.0,0.0,2.0
18076,651,2.0,2.0,2.0,2.0,2.0,2.0,2.0,0.08472775349956968,2.0
18077,652,2.0,2.0,2.0,2.0,2.0,2.0,2.0,0.15036399065471764,2.0
18078,653,2.0,2.0,2.0,2.0,2.0,2.0,2.0,0.09645172523668613,2.0
18121,654,2.0,2.0,0.0,2.0,2.0,2.0,2.0,2.0,2.0
18122,655,2.0,2.0,0.0,2.0,2.0,2.0,2.0,2.0,2.0
18310,656,2.0,0.0,0.0,0.0,0.0,0.0,0.0,0.0,0.0
18311,657,2.0,0.0,0.0,0.0,0.0,0.0,0.0,0.0,0.0
18312,658,2.0,0.0,0.0,0.0,0.0,0.0,0.0,0.0,0.0
18329,659,2.0,2.0,2.0,2.0,2.0,2.0,0.0,2.0,2.0
18330,660,2.0,2.0,2.0,2.0,2.0,2.0,0.0,2.0,2.0
18367,661,2.0,2.0,2.0,0.0,2.0,2.0,2.0,2.0,2.0
18368,662,2.0,2.0,2.0,0.0,2.0,2.0,2.0,2.0,2.0
18401,663,2.0,0.0,0.0,0.0,0.0,0.0,0.0,0.0,0.0
18502,664,2.0,0.0,0.0,0.0,0.0,0.0,0.0,0.0,0.0
18504,665,2.0,0.0,0.0,0.0,0.0,0.0,0.0,0.0,0.0
18528,666,2.0,2.0,2.0,2.0,2.0,2.0,2.0,0.0,2.0
18532,667,2.0,0.0,0.0,0.0,0.0,0.0,0.0,0.0,0.0
18533,668,2.0,0.0,0.0,0.0,0.0,0.0,0.0,0.0,0.0
18652,669,2.0,0.0,2.0,2.0,0.0,2.0,2.0,2.0,2.0
18653,670,2.0,0.0,2.0,2.0,0.0,2.0,2.0,2.0,2.0
18654,671,2.0,0.0,2.0,2.0,0.0,2.0,2.0,2.0,2.0
18688,672,2.0,2.0,0.0,2.0,2.0,2.0,2.0,2.0,2.0
18689,673,2.0,2.0,0.0,2.0,2.0,2.0,2.0,2.0,2.0
18690,674,2.0,2.0,0.0,2.0,2.0,2.0,2.0,2.0,2.0
18712,675,2.0,0.0,2.0,2.0,0.0,2.0,2.0,2.0,2.0
18713,676,2.0,0.0,2.0,2.0,0.0,2.0,2.0,2.0,2.0
18714,677,2.0,2.0,2.0,2.0,0.0,2.0,2.0,2.0,2.0
18761,678,2.0,2.0,2.0,2.0,2.0,2.0,2.0,0.47122125337316234,2.0
18762,679,2.0,2.0,2.0,2.0,2.0,2.0,2.0,0.02932490607571793,2.0
18823,680,2.0,2.0,2.0,2.0,2.0,2.0,2.0,0.0,2.0
18824,681,2.0,2.0,2.0,2.0,2.0,2.0,2.0,0.0,2.0
18825,682,2.0,2.0,2.0,2.0,2.0,2.0,2.0,0.0,2.0
18874,683,2.0,2.0,2.0,2.0,2.0,2.0,2.0,0.0,2.0
18875,684,2.0,2.0,2.0,2.0,2.0,2.0,2.0,0.0,2.0
18876,685,2.0,2.0,2.0,2.0,2.0,2.0,2.0,0.0,2.0
18901,686,0.25766250152725384,2.0,2.0,2.0,2.0,2.0,2.0,2.0,2.0
18902,687,0.32797772628633637,2.0,2.0,2.0,2.0,2.0,2.0,2.0,2.0
18903,688,0.08378045046210626,2.0,2.0,2.0,2.0,2.0,2.0,2.0,2.0
18904,689,2.0,2.0,2.0,2.0,2.0,2.0,0.0,2.0,2.0
18906,690,2.0,2.0,2.0,2.0,2.0,2.0,0.0,2.0,2.0
19048,691,2.0,2.0,2.0,2.0,2.0,2.0,0.0,2.0,2.0
19057,692,2.0,2.0,2.0,0.0,2.0,2.0,2.0,2.0,2.0
19058,693,2.0,2.0,2.0,0.0,2.0,2.0,2.0,2.0,2.0
19059,694,2.0,2.0,2.0,0.0,2.0,2.0,2.0,2.0,2.0
19244,695,2.0,2.0,2.0,2.0,2.0,0.0,2.0,2.0,2.0
19245,696,2.0,2.0,2.0,2.0,2.0,0.0,2.0,2.0,2.0
19310,697,2.0,2.0,2.0,2.0,2.0,0.0,2.0,2.0,2.0
19311,698,2.0,2.0,2.0,2.0,2.0,0.0,2.0,2.0,2.0
19312,699,2.0,2.0,2.0,2.0,2.0,2.0,2.0,1.900014795463048,2.0
19314,700,2.0,2.0,2.0,2.0,2.0,2.0,2.0,0.6928557640059309,2.0
19460,701,2.0,2.0,2.0,2.0,2.0,2.0,0.3453675815021703,2.0,2.0
19461,702,2.0,2.0,2.0,2.0,2.0,2.0,0.15862844178217667,2.0,2.0
19495,703,2.0,2.0,2.0,2.0,2.0,2.0,2.0,2.0,0.0
19496,704,2.0,2.0,2.0,2.0,2.0,2.0,2.0,2.0,0.0
19556,705,2.0,2.0,2.0,2.0,2.0,2.0,2.0,0.0,2.0
19557,706,2.0,2.0,2.0,2.0,2.0,2.0,2.0,0.0,2.0
19663,707,2.0,2.0,2.0,0.0,2.0,2.0,2.0,2.0,2.0
19664,708,2.0,2.0,2.0,0.0,2.0,2.0,2.0,2.0,2.0
19665,709,2.0,2.0,2.0,0.0,2.0,2.0,2.0,2.0,2.0
19693,710,2.0,2.0,2.0,2.0,2.0,2.0,2.0,0.46212591814269627,2.0
19694,711,2.0,2.0,2.0,2.0,2.0,2.0,2.0,0.024858695939474096,2.0
19695,712,2.0,2.0,2.0,2.0,2.0,2.0,2.0,0.041643336964170226,2.0
19703,713,2.0,2.0,2.0,2.0,2.0,2.0,0.0,2.0,2.0
19704,714,2.0,2.0,2.0,2.0,2.0,2.0,0.0,2.0,2.0
19711,715,2.0,0.0,2.0,2.0,2.0,2.0,2.0,2.0,2.0
19712,716,2.0,0.0,2.0,2.0,2.0,2.0,2.0,2.0,2.0
19748,717,2.0,2.0,2.0,0.0,2.0,2.0,2.0,2.0,2.0
19749,718,2.0,2.0,2.0,0.0,2.0,2.0,2.0,2.0,2.0
19855,719,2.0,2.0,2.0,0.0,2.0,2.0,2.0,2.0,2.0
19856,720,2.0,2.0,2.0,0.0,2.0,2.0,2.0,2.0,2.0
19864,721,2.0,0.0,0.0,0.0,0.0,0.0,0.0,0.0,0.0
19866,722,2.0,0.0,0.0,0.0,0.0,0.0,0.0,0.0,0.0
19867,723,2.0,0.0,0.0,0.0,0.0,0.0,0.0,0.0,0.0
19869,724,2.0,0.0,0.0,0.0,0.0,0.0,0.0,0.0,0.0
20134,725,2.0,2.0,2.0,2.0,0.0,2.0,2.0,2.0,2.0
20135,726,2.0,0.0,2.0,2.0,2.0,2.0,2.0,2.0,2.0
20136,727,2.0,0.0,2.0,2.0,0.0,2.0,2.0,2.0,2.0
20173,728,2.0,2.0,2.0,2.0,2.0,2.0,2.0,0.0,2.0
20174,729,2.0,2.0,2.0,2.0,2.0,2.0,2.0,0.0,2.0
20401,730,2.0,2.0,0.0,2.0,2.0,2.0,2.0,2.0,2.0
20402,731,2.0,2.0,0.0,2.0,2.0,2.0,2.0,2.0,2.0
20403,732,2.0,2.0,0.0,2.0,2.0,2.0,2.0,2.0,2.0
20491,733,2.0,2.0,0.0,2.0,2.0,2.0,2.0,2.0,2.0
20492,734,2.0,2.0,0.0,2.0,2.0,2.0,2.0,2.0,2.0
20493,735,2.0,2.0,0.0,2.0,2.0,2.0,2.0,2.0,2.0
20577,736,2.0,2.0,2.0,2.0,2.0,0.0,2.0,2.0,2.0
20589,737,2.0,2.0,2.0,2.0,2.0,2.0,2.0,0.0,2.0
20635,738,2.0,2.0,2.0,2.0,2.0,2.0,2.0,2.0,0.0
20637,739,2.0,2.0,2.0,2.0,2.0,2.0,2.0,2.0,0.0
20701,740,1.1141050336422977,2.0,2.0,2.0,2.0,2.0,2.0,2.0,2.0
20702,741,1.3356943623466118,2.0,2.0,2.0,2.0,2.0,2.0,2.0,2.0
20703,742,0.06142768945267592,2.0,2.0,2.0,2.0,2.0,2.0,2.0,2.0
20875,743,2.0,0.0,2.0,2.0,0.0,2.0,2.0,2.0,2.0
20876,744,2.0,0.0,2.0,2.0,2.0,2.0,2.0,2.0,2.0
20877,745,2.0,2.0,2.0,2.0,0.0,2.0,2.0,2.0,2.0
20988,746,2.0,2.0,2.0,2.0,2.0,2.0,2.0,0.0,2.0
20998,747,2.0,0.0,0.0,0.0,0.0,0.0,0.0,0.0,0.0
20999,748,2.0,0.0,0.0,0.0,0.0,0.0,0.0,0.0,0.0
21000,749,2.0,0.0,0.0,0.0,0.0,0.0,0.0,0.0,0.0
21001,750,2.0,2.0,2.0,0.7269993302375827,2.0,2.0,2.0,2.0,2.0
21003,751,2.0,2.0,2.0,0.01919206864104089,2.0,2.0,2.0,2.0,2.0
21133,752,2.0,0.0,2.0,2.0,2.0,2.0,2.0,2.0,2.0
21134,753,2.0,2.0,2.0,2.0,0.0,2.0,2.0,2.0,2.0
21135,754,2.0,0.0,2.0,2.0,0.0,2.0,2.0,2.0,2.0
21142,755,2.0,2.0,0.0,2.0,2.0,2.0,2.0,2.0,2.0
21143,756,2.0,2.0,0.0,2.0,2.0,2.0,2.0,2.0,2.0
21144,757,2.0,2.0,0.0,2.0,2.0,2.0,2.0,2.0,2.0
21163,758,2.0,2.0,2.0,2.0,2.0,1.3744038373787277,2.0,2.0,2.0
21165,759,2.0,2.0,2.0,2.0,2.0,0.09150809430156075,2.0,2.0,2.0
21337,760,2.0,0.0,0.0,0.0,0.0,0.0,0.0,0.0,0.0
21338,761,2.0,0.0,0.0,0.0,0.0,0.0,0.0,0.0,0.0
21339,762,2.0,0.0,0.0,0.0,0.0,0.0,0.0,0.0,0.0
21442,763,2.0,2.0,2.0,2.0,2.0,2.0,2.0,0.0,2.0
21443,764,2.0,2.0,2.0,2.0,2.0,2.0,2.0,0.0,2.0
21444,765,2.0,2.0,2.0,2.0,2.0,2.0,2.0,0.0,2.0
21601,766,2.0,2.0,2.0,2.0,2.0,2.0,0.0,2.0,2.0
21603,767,2.0,2.0,2.0,2.0,2.0,2.0,0.0,2.0,2.0
21739,768,2.0,0.0,2.0,2.0,2.0,2.0,2.0,2.0,2.0
21740,769,2.0,2.0,2.0,2.0,0.0,2.0,2.0,2.0,2.0
21741,770,2.0,0.0,2.0,2.0,0.0,2.0,2.0,2.0,2.0
21745,771,2.0,0.0,0.0,0.0,0.0,0.0,0.0,0.0,0.0
21746,772,2.0,0.0,0.0,0.0,0.0,0.0,0.0,0.0,0.0
21747,773,2.0,0.0,0.0,0.0,0.0,0.0,0.0,0.0,0.0
21799,774,2.0,0.0,0.0,0.0,0.0,0.0,0.0,0.0,0.0
21800,775,2.0,0.0,0.0,0.0,0.0,0.0,0.0,0.0,0.0
21801,776,2.0,0.0,0.0,0.0,0.0,0.0,0.0,0.0,0.0
21806,777,2.0,2.0,2.0,2.0,2.0,2.0,2.0,1.0823368225028105,2.0
21807,778,2.0,2.0,2.0,2.0,2.0,2.0,2.0,0.24601817777324125,2.0
21931,779,2.0,0.0,2.0,2.0,0.0,2.0,2.0,2.0,2.0
21933,780,2.0,0.0,2.0,2.0,0.0,2.0,2.0,2.0,2.0
22243,781,2.0,2.0,2.0,2.0,2.0,2.0,0.0,2.0,2.0
22244,782,2.0,2.0,2.0,2.0,2.0,2.0,0.0,2.0,2.0
22245,783,2.0,2.0,2.0,2.0,2.0,2.0,0.0,2.0,2.0
22261,784,2.0,2.0,2.0,2.0,2.0,2.0,2.0,2.0,0.01592659254599014
22262,785,2.0,2.0,2.0,2.0,2.0,2.0,2.0,2.0,0.1032019129534195
22263,786,2.0,2.0,2.0,2.0,2.0,2.0,2.0,2.0,0.364833434945822
22309,787,2.0,2.0,2.0,2.0,2.0,2.0,2.0,2.0,0.0
22310,788,2.0,2.0,2.0,2.0,2.0,2.0,2.0,2.0,0.0
22311,789,2.0,2.0,2.0,2.0,2.0,2.0,2.0,2.0,0.0
22389,790,1.78,1.78,1.78,1.78,1.78,1.78,1.78,1.78,1.78
22483,791,2.0,0.0,0.0,0.0,0.0,0.0,0.0,0.0,0.0
22485,792,2.0,0.0,0.0,0.0,0.0,0.0,0.0,0.0,0.0
22558,793,2.0,2.0,2.0,2.0,2.0,2.0,2.0,2.0,0.0
22559,794,2.0,2.0,2.0,2.0,2.0,2.0,2.0,2.0,0.0
22574,795,2.0,2.0,2.0,0.0,2.0,2.0,2.0,2.0,2.0
22575,796,2.0,2.0,2.0,0.0,2.0,2.0,2.0,2.0,2.0
22580,797,2.0,2.0,0.0,2.0,2.0,2.0,2.0,2.0,2.0
22603,798,1.98,1.98,1.98,1.98,1.98,1.98,1.98,1.98,1.98
22604,799,0.0,0.0,0.0,0.0,0.0,0.0,0.0,0.0,0.0
22605,800,1.96,1.96,1.96,1.96,1.96,1.96,1.96,1.96,1.96
22648,801,2.0,2.0,0.0,2.0,2.0,2.0,2.0,2.0,2.0
22649,802,2.0,2.0,0.0,2.0,2.0,2.0,2.0,2.0,2.0
22701,803,1.4228124664716666,2.0,2.0,2.0,2.0,2.0,2.0,2.0,2.0
22798,804,2.0,2.0,0.0,2.0,2.0,2.0,2.0,2.0,2.0
22799,805,2.0,2.0,0.0,2.0,2.0,2.0,2.0,2.0,2.0
22804,806,1.14,1.14,1.14,1.14,1.14,1.14,1.14,1.14,1.14
22805,807,0.0,0.0,0.0,0.0,0.0,0.0,0.0,0.0,0.0
22806,808,1.12,1.12,1.12,1.12,1.12,1.12,1.12,1.12,1.12
22837,809,2.0,0.0,0.0,0.0,0.0,0.0,0.0,0.0,0.0
22927,810,2.0,2.0,2.0,2.0,2.0,2.0,2.0,2.0,1.900014795463048
22928,811,2.0,2.0,2.0,2.0,2.0,2.0,2.0,2.0,0.8240754163967059
22929,812,2.0,2.0,2.0,2.0,2.0,2.0,2.0,2.0,1.0823368225028105
22955,813,2.0,0.0,0.0,0.0,0.0,0.0,0.0,0.0,0.0
22956,814,2.0,0.0,0.0,0.0,0.0,0.0,0.0,0.0,0.0
23017,815,2.0,2.0,2.0,0.0,2.0,2.0,2.0,2.0,2.0
23018,816,2.0,2.0,2.0,0.0,2.0,2.0,2.0,2.0,2.0
23019,817,2.0,2.0,2.0,0.0,2.0,2.0,2.0,2.0,2.0
23020,818,2.0,0.0,2.0,2.0,2.0,2.0,2.0,2.0,2.0
23021,819,2.0,2.0,2.0,2.0,0.0,2.0,2.0,2.0,2.0
23022,820,2.0,0.0,2.0,2.0,0.0,2.0,2.0,2.0,2.0
23131,821,2.0,0.0,0.0,0.0,0.0,0.0,0.0,0.0,0.0
23133,822,2.0,0.0,0.0,0.0,0.0,0.0,0.0,0.0,0.0
23287,823,2.0,2.0,2.0,2.0,2.0,2.0,2.0,2.0,0.0
23289,824,2.0,2.0,2.0,2.0,2.0,2.0,2.0,2.0,0.0
23434,825,2.0,2.0,2.0,2.0,2.0,2.0,0.0,2.0,2.0
23435,826,2.0,2.0,2.0,2.0,2.0,2.0,0.0,2.0,2.0
23551,827,2.0,2.0,2.0,2.0,2.0,1.1816357409910598,2.0,2.0,2.0
23617,828,2.0,2.0,2.0,2.0,1.8213882683090157,2.0,2.0,2.0,2.0
23618,829,2.0,2.0,2.0,2.0,0.1300271476356546,2.0,2.0,2.0,2.0
23619,830,2.0,2.0,2.0,2.0,1.2523149405382337,2.0,2.0,2.0,2.0
23692,831,2.0,2.0,2.0,2.0,2.0,2.0,0.87019085745499,2.0,2.0
23693,832,2.0,2.0,2.0,2.0,2.0,2.0,1.900014795463048,2.0,2.0
23694,833,2.0,2.0,2.0,2.0,2.0,2.0,0.7830963705385151,2.0,2.0
23713,834,2.0,2.0,2.0,2.0,0.0,2.0,2.0,2.0,2.0
23715,835,2.0,0.0,2.0,2.0,0.0,2.0,2.0,2.0,2.0
23896,836,2.0,2.0,0.0,2.0,2.0,2.0,2.0,2.0,2.0
23897,837,2.0,2.0,0.0,2.0,2.0,2.0,2.0,2.0,2.0
23898,838,2.0,2.0,0.0,2.0,2.0,2.0,2.0,2.0,2.0
23906,839,2.0,2.0,2.0,2.0,2.0,2.0,0.0,2.0,2.0
23907,840,2.0,2.0,2.0,2.0,2.0,2.0,0.0,2.0,2.0
24006,841,2.0,2.0,2.0,2.0,2.0,0.0,2.0,2.0,2.0
24022,842,2.0,2.0,2.0,2.0,2.0,2.0,2.0,2.0,0.0
24023,843,2.0,2.0,2.0,2.0,2.0,2.0,2.0,2.0,0.0
24024,844,2.0,2.0,2.0,2.0,2.0,2.0,2.0,2.0,0.0
24124,845,2.0,0.0,0.0,0.0,0.0,0.0,0.0,0.0,0.0
24125,846,2.0,0.0,0.0,0.0,0.0,0.0,0.0,0.0,0.0
24126,847,2.0,0.0,0.0,0.0,0.0,0.0,0.0,0.0,0.0
24139,848,2.0,2.0,2.0,2.0,2.0,2.0,2.0,2.0,0.0
24140,849,2.0,2.0,2.0,2.0,2.0,2.0,2.0,2.0,0.0
24141,850,2.0,2.0,2.0,2.0,2.0,2.0,2.0,2.0,0.0
24158,851,2.0,2.0,2.0,2.0,2.0,2.0,2.0,2.0,0.531377158059098
24337,852,2.0,2.0,2.0,2.0,2.0,2.0,0.0,2.0,2.0
24339,853,2.0,2.0,2.0,2.0,2.0,2.0,0.0,2.0,2.0
24409,854,2.0,2.0,2.0,0.0,2.0,2.0,2.0,2.0,2.0
24410,855,2.0,2.0,2.0,0.0,2.0,2.0,2.0,2.0,2.0
24433,856,2.0,0.0,2.0,2.0,0.0,2.0,2.0,2.0,2.0
24435,857,2.0,0.0,2.0,2.0,0.0,2.0,2.0,2.0,2.0
24469,858,2.0,2.0,2.0,2.0,2.0,0.0,2.0,2.0,2.0
24470,859,2.0,2.0,2.0,2.0,2.0,0.0,2.0,2.0,2.0
24471,860,2.0,2.0,2.0,2.0,2.0,0.0,2.0,2.0,2.0
24538,861,2.0,2.0,2.0,2.0,2.0,2.0,2.0,2.0,0.0
24539,862,2.0,2.0,2.0,2.0,2.0,2.0,2.0,2.0,0.0
24540,863,2.0,2.0,2.0,2.0,2.0,2.0,2.0,2.0,0.0
24542,864,2.0,2.0,2.0,2.0,2.0,2.0,2.0,2.0,0.0
24543,865,2.0,2.0,2.0,2.0,2.0,2.0,2.0,2.0,0.0
24590,866,2.0,2.0,2.0,2.0,2.0,0.0,2.0,2.0,2.0
24591,867,2.0,2.0,2.0,2.0,2.0,0.0,2.0,2.0,2.0
24604,868,2.0,2.0,1.2175546219871438,2.0,2.0,2.0,2.0,2.0,2.0
24634,869,2.0,2.0,2.0,2.0,2.0,2.0,0.0,2.0,2.0
24635,870,2.0,2.0,2.0,2.0,2.0,2.0,0.0,2.0,2.0
24636,871,2.0,2.0,2.0,2.0,2.0,2.0,0.0,2.0,2.0
24781,872,2.0,2.0,0.0,2.0,2.0,2.0,2.0,2.0,2.0
24782,873,2.0,2.0,0.0,2.0,2.0,2.0,2.0,2.0,2.0
24783,874,2.0,2.0,0.0,2.0,2.0,2.0,2.0,2.0,2.0
24808,875,2.0,2.0,2.0,2.0,2.0,2.0,2.0,1.751439897903371,2.0
24810,876,2.0,2.0,2.0,2.0,2.0,2.0,2.0,0.3321107967831218,2.0
24899,877,2.0,0.0,0.0,0.0,0.0,0.0,0.0,0.0,0.0
24965,878,2.0,2.0,2.0,0.0,2.0,2.0,2.0,2.0,2.0
24966,879,2.0,2.0,2.0,0.0,2.0,2.0,2.0,2.0,2.0
25157,880,2.0,2.0,2.0,2.0,2.0,0.0,2.0,2.0,2.0
25158,881,2.0,2.0,2.0,2.0,2.0,0.0,2.0,2.0,2.0
25216,882,2.0,2.0,2.0,2.0,1.469995145013909,2.0,2.0,2.0,2.0
25282,883,2.0,2.0,0.0,2.0,2.0,2.0,2.0,2.0,2.0
25333,884,2.0,2.0,2.0,2.0,2.0,2.0,2.0,2.0,0.0
25335,885,2.0,2.0,2.0,2.0,2.0,2.0,2.0,2.0,0.0
25357,886,2.0,2.0,1.900014795463048,2.0,2.0,2.0,2.0,2.0,2.0
25359,887,2.0,2.0,1.1543141745168253,2.0,2.0,2.0,2.0,2.0,2.0
25426,888,2.0,2.0,2.0,0.47106797019526264,2.0,2.0,2.0,2.0,2.0
25427,889,2.0,2.0,2.0,0.22819018761348267,2.0,2.0,2.0,2.0,2.0
25428,890,2.0,2.0,2.0,0.9212924757826677,2.0,2.0,2.0,2.0,2.0
25453,891,2.0,0.0,2.0,2.0,0.0,2.0,2.0,2.0,2.0
25454,892,2.0,0.0,2.0,2.0,0.0,2.0,2.0,2.0,2.0
25455,893,2.0,2.0,2.0,2.0,0.0,2.0,2.0,2.0,2.0
25456,894,2.0,2.0,2.0,2.0,2.0,2.0,2.0,1.900014795463048,2.0
25660,895,2.0,2.0,2.0,2.0,2.0,1.900014795463048,2.0,2.0,2.0
25661,896,2.0,2.0,2.0,2.0,2.0,1.8213882683090157,2.0,2.0,2.0
25662,897,2.0,2.0,2.0,2.0,2.0,0.19215903317350502,2.0,2.0,2.0
25732,898,2.0,0.0,0.0,0.0,0.0,0.0,0.0,0.0,0.0
25733,899,2.0,0.0,0.0,0.0,0.0,0.0,0.0,0.0,0.0
25780,900,2.0,0.0,2.0,2.0,2.0,2.0,2.0,2.0,2.0
25781,901,2.0,0.0,2.0,2.0,0.0,2.0,2.0,2.0,2.0
25782,902,2.0,0.0,2.0,2.0,0.0,2.0,2.0,2.0,2.0
25839,903,2.0,2.0,2.0,2.0,0.0,2.0,2.0,2.0,2.0
25861,904,2.0,2.0,2.0,2.0,2.0,2.0,0.0,2.0,2.0
25862,905,2.0,2.0,2.0,2.0,2.0,2.0,0.0,2.0,2.0
25894,906,2.0,2.0,2.0,2.0,2.0,2.0,2.0,2.0,1.8213882683090157
25896,907,2.0,2.0,2.0,2.0,2.0,2.0,2.0,2.0,0.2987933180196101
25952,908,2.0,2.0,2.0,2.0,2.0,2.0,2.0,0.0,2.0
25960,909,2.0,0.0,0.0,0.0,0.0,0.0,0.0,0.0,0.0
25961,910,2.0,0.0,0.0,0.0,0.0,0.0,0.0,0.0,0.0
25962,911,2.0,0.0,0.0,0.0,0.0,0.0,0.0,0.0,0.0
25979,912,2.0,2.0,0.0,2.0,2.0,2.0,2.0,2.0,2.0
25980,913,2.0,2.0,0.0,2.0,2.0,2.0,2.0,2.0,2.0
26025,914,0.0,0.0,0.0,0.0,0.0,0.0,0.0,0.0,0.0
26035,915,2.0,2.0,2.0,0.0,2.0,2.0,2.0,2.0,2.0
26114,916,2.0,2.0,0.0,2.0,2.0,2.0,2.0,2.0,2.0
26115,917,2.0,2.0,0.0,2.0,2.0,2.0,2.0,2.0,2.0
26194,918,2.0,2.0,2.0,0.0,2.0,2.0,2.0,2.0,2.0
26195,919,2.0,2.0,2.0,0.0,2.0,2.0,2.0,2.0,2.0
26196,920,2.0,2.0,2.0,0.0,2.0,2.0,2.0,2.0,2.0
26251,921,2.0,2.0,2.0,2.0,0.0,2.0,2.0,2.0,2.0
26252,922,2.0,0.0,2.0,2.0,2.0,2.0,2.0,2.0,2.0
26253,923,2.0,0.0,2.0,2.0,0.0,2.0,2.0,2.0,2.0
26275,924,2.0,0.0,0.0,0.0,0.0,0.0,0.0,0.0,0.0
26276,925,2.0,0.0,0.0,0.0,0.0,0.0,0.0,0.0,0.0172525668593922
26277,926,2.0,0.0,0.0,0.0,0.0,0.0,0.0,0.0,0.029895035547002423
26320,927,2.0,2.0,0.0,2.0,2.0,2.0,2.0,2.0,2.0
26321,928,2.0,2.0,0.0,2.0,2.0,2.0,2.0,2.0,2.0
26322,929,2.0,2.0,0.0,2.0,2.0,2.0,2.0,2.0,2.0
26332,930,2.0,2.0,2.0,2.0,2.0,2.0,2.0,2.0,0.0
26333,931,2.0,2.0,2.0,2.0,2.0,2.0,2.0,2.0,0.0
26334,932,2.0,2.0,2.0,2.0,2.0,2.0,2.0,2.0,0.0
26453,933,2.0,2.0,2.0,2.0,2.0,2.0,0.0,2.0,2.0
26454,934,2.0,2.0,2.0,2.0,2.0,2.0,0.0,2.0,2.0
26459,935,2.0,2.0,2.0,2.0,2.0,2.0,0.0,2.0,2.0
26460,936,2.0,2.0,2.0,2.0,2.0,2.0,0.0,2.0,2.0
26494,937,2.0,2.0,2.0,2.0,2.0,2.0,0.0,2.0,2.0
26495,938,2.0,2.0,2.0,2.0,2.0,2.0,0.0,2.0,2.0
26496,939,2.0,2.0,2.0,2.0,2.0,2.0,0.0,2.0,2.0
26566,940,2.0,2.0,0.0,2.0,2.0,2.0,2.0,2.0,2.0
26567,941,2.0,2.0,0.0,2.0,2.0,2.0,2.0,2.0,2.0
26599,942,2.0,2.0,2.0,0.0,2.0,2.0,2.0,2.0,2.0
26600,943,2.0,2.0,2.0,0.0,2.0,2.0,2.0,2.0,2.0
26601,944,2.0,2.0,2.0,0.0,2.0,2.0,2.0,2.0,2.0
26623,945,2.0,2.0,2.0,2.0,2.0,0.0,2.0,2.0,2.0
26624,946,2.0,2.0,2.0,2.0,2.0,0.0,2.0,2.0,2.0
26625,947,2.0,2.0,2.0,2.0,2.0,0.0,2.0,2.0,2.0
27040,948,2.0,2.0,2.0,2.0,2.0,2.0,2.0,2.0,0.0
27041,949,2.0,2.0,2.0,2.0,2.0,2.0,2.0,2.0,0.0
27042,950,2.0,2.0,2.0,2.0,2.0,2.0,2.0,2.0,0.0
27073,951,2.0,2.0,2.0,2.0,2.0,2.0,2.0,2.0,0.0
27074,952,2.0,2.0,2.0,2.0,2.0,2.0,2.0,2.0,0.0
27075,953,2.0,2.0,2.0,2.0,2.0,2.0,2.0,2.0,0.0
27142,954,2.0,2.0,2.0,2.0,2.0,2.0,0.0,2.0,2.0
27143,955,2.0,2.0,2.0,2.0,2.0,2.0,0.0,2.0,2.0
27144,956,2.0,2.0,2.0,2.0,2.0,2.0,0.0,2.0,2.0
27202,957,2.0,2.0,2.0,2.0,2.0,2.0,2.0,2.0,0.7374027055046326
27203,958,2.0,2.0,2.0,2.0,2.0,2.0,2.0,2.0,0.1548699733877979
27204,959,2.0,2.0,2.0,2.0,2.0,2.0,2.0,2.0,0.4371694954697399
27216,960,2.0,2.0,2.0,2.0,2.0,2.0,2.0,0.0,2.0
27240,961,2.0,2.0,2.0,2.0,2.0,0.0,2.0,2.0,2.0
27255,962,2.0,2.0,2.0,2.0,2.0,2.0,0.0,2.0,2.0
27271,963,2.0,2.0,2.0,2.0,2.0,2.0,2.0,2.0,0.0
27272,964,2.0,2.0,2.0,2.0,2.0,2.0,2.0,2.0,0.0
27482,965,2.0,2.0,2.0,0.0,2.0,2.0,2.0,2.0,2.0
27483,966,2.0,2.0,2.0,0.0,2.0,2.0,2.0,2.0,2.0
27538,967,2.0,0.0,2.0,2.0,0.0,2.0,2.0,2.0,2.0
27539,968,2.0,2.0,2.0,2.0,0.0,2.0,2.0,2.0,2.0
27540,969,2.0,0.0,2.0,2.0,0.0,2.0,2.0,2.0,2.0
27572,970,2.0,2.0,2.0,2.0,2.0,2.0,2.0,2.0,1.1816357409910598
27573,971,2.0,2.0,2.0,2.0,2.0,2.0,2.0,2.0,0.07381012879349533
27630,972,2.0,2.0,0.0,2.0,2.0,2.0,2.0,2.0,2.0
27673,973,2.0,2.0,2.0,2.0,2.0,2.0,0.0,2.0,2.0
27674,974,2.0,2.0,2.0,2.0,2.0,2.0,0.0,2.0,2.0
27802,975,2.0,2.0,2.0,2.0,2.0,2.0,2.0,0.0,2.0
27823,976,2.0,2.0,2.0,2.0,0.0,2.0,2.0,2.0,2.0
27824,977,2.0,0.0,2.0,2.0,0.0,2.0,2.0,2.0,2.0
27825,978,2.0,2.0,2.0,2.0,0.0,2.0,2.0,2.0,2.0
27850,979,2.0,2.0,2.0,0.0,2.0,2.0,2.0,2.0,2.0
27851,980,2.0,2.0,2.0,0.0,2.0,2.0,2.0,2.0,2.0
27852,981,2.0,2.0,2.0,0.0,2.0,2.0,2.0,2.0,2.0
27919,982,2.0,2.0,2.0,2.0,2.0,2.0,0.0,2.0,2.0
27920,983,2.0,2.0,2.0,2.0,2.0,2.0,0.0,2.0,2.0
28042,984,2.0,0.0,0.0,0.0,0.0,0.0,0.0,0.0,0.0
28087,985,0.0,0.0,0.0,0.0,0.0,0.0,0.0,0.0,0.0
28088,986,0.0,0.0,0.0,0.0,0.0,0.0,0.0,0.0,0.0
28089,987,0.0,0.0,0.0,0.0,0.0,0.0,0.0,0.0,0.0
28159,988,2.0,2.0,2.0,1.6873994984808818,2.0,2.0,2.0,2.0,2.0
28161,989,2.0,2.0,2.0,1.5722017759947922,2.0,2.0,2.0,2.0,2.0
28195,990,2.0,2.0,2.0,2.0,2.0,0.0,2.0,2.0,2.0
28197,991,2.0,2.0,2.0,2.0,2.0,0.0,2.0,2.0,2.0
28378,992,2.0,2.0,2.0,2.0,2.0,0.0,2.0,2.0,2.0
28379,993,2.0,2.0,2.0,2.0,2.0,0.0,2.0,2.0,2.0
28505,994,2.0,2.0,2.0,2.0,2.0,2.0,2.0,0.0,2.0
28591,995,1.56,1.56,1.56,1.56,1.56,1.56,1.56,1.56,1.56
28592,996,0.0,0.0,0.0,0.0,0.0,0.0,0.0,0.0,0.0
28593,997,1.72,1.72,1.72,1.72,1.72,1.72,1.72,1.72,1.72
28636,998,2.0,0.0,0.0,0.0,0.0,0.0,0.0,0.0,0.0
28637,999,2.0,0.0,0.0,0.0,0.0,0.0,0.0,0.0,0.0
28655,1000,2.0,0.0,2.0,2.0,2.0,2.0,2.0,2.0,2.0
28656,1001,2.0,2.0,2.0,2.0,0.0,2.0,2.0,2.0,2.0
28663,1002,2.0,2.0,0.0,2.0,2.0,2.0,2.0,2.0,2.0
28683,1003,2.0,0.0,0.0,0.0,0.0,0.0,0.0,0.0,0.0
28813,1004,2.0,2.0,0.0,2.0,2.0,2.0,2.0,2.0,2.0
28815,1005,2.0,2.0,0.0,2.0,2.0,2.0,2.0,2.0,2.0
28855,1006,1.900014795463048,2.0,2.0,2.0,2.0,2.0,2.0,2.0,2.0
28856,1007,0.5907567408804809,2.0,2.0,2.0,2.0,2.0,2.0,2.0,2.0
28857,1008,1.3779039657696468,2.0,2.0,2.0,2.0,2.0,2.0,2.0,2.0
28987,1009,2.0,2.0,2.0,2.0,2.0,2.0,2.0,0.0,2.0
28988,1010,2.0,2.0,2.0,2.0,2.0,2.0,2.0,0.0,2.0
28989,1011,2.0,2.0,2.0,2.0,2.0,2.0,2.0,0.0,2.0
29095,1012,2.0,2.0,2.0,2.0,2.0,2.0,0.0,2.0,2.0
29096,1013,2.0,2.0,2.0,2.0,2.0,2.0,0.0,2.0,2.0
29097,1014,2.0,2.0,2.0,2.0,2.0,2.0,0.0,2.0,2.0
29150,1015,2.0,0.0,0.0,0.0,0.0,0.0,0.0,0.0,0.0
